"CpX","X (m)","Y (m)","Z (m)"
6.82191648414496,-3.87259111781189,0.549020081687449,0.7605
6.42495514148514,-3.87941049930521,0.547691223791148,0.7605
5.34057314459086,-3.88682031459607,0.546436436561387,0.7605
4.04431437900808,-3.89419276560715,0.545440571465177,0.7605
3.20269397364081,-3.90144547664507,0.544684861537118,0.7605
1.66330608006162,-3.90859565423706,0.54416310920124,0.7605
-16.3562867803658,-3.86168790370834,0.662632291821953,0.7605
0.0267883307023542,-3.91567449907816,0.543966770577856,0.7605
-16.718564845889,-3.86563601061146,0.660171373843029,0.7605
-3.50628596820285,-3.9226466395578,0.544409004618673,0.7605
-17.8750733335573,-3.87096481324476,0.656716651926436,0.7605
-17.9755231015887,-3.87475250431869,0.654199581611899,0.7605
-10.7973364311882,-3.93168064426823,0.546315521212773,0.7605
-6.43137104334626,-3.92843395163075,0.545398527881252,0.7605
-20.0910510290011,-3.92021771228429,0.610147528498589,0.7605
-19.293543213984,-3.9262682810628,0.600717830232011,0.7605
-19.650994599316,-3.87911536646118,0.650991363771585,0.7605
-19.9750288853865,-3.88732905777654,0.644484011529214,0.7605
-19.9779115122881,-3.89525504200492,0.637578465075124,0.7605
-20.2804992610716,-3.90297898983988,0.630213274227818,0.7605
-14.2298782527696,-3.93472844373471,0.548236481757078,0.7605
-18.4807002454524,-3.93033765717527,0.592898430650574,0.7605
-20.5797477756586,-3.91022163089086,0.622493767393507,0.7605
-20.2728578449195,-3.91686761498005,0.614531568326719,0.7605
-19.5732492914184,-3.92270274394335,0.606555694330845,0.7605
-18.6783561314511,-3.92829276769228,0.596954476271653,0.7605
-20.7673149274647,-3.88344646645127,0.647714697391603,0.7605
-20.8981178353941,-3.89148516602165,0.640924329437,0.7605
-21.1239155600558,-3.89922641671578,0.63395819393359,0.7605
-20.4675905815312,-3.90655070441485,0.626562086936655,0.7605
-15.846507331163,-3.93718220020895,0.550066321687013,0.7605
-19.0741907749805,-3.93346659011321,0.586016778688861,0.7605
-20.5193802605995,-3.91343483991659,0.618818901867827,0.7605
-17.6229797284311,-3.93786466020594,0.551042666063955,0.7605
-20.15850805801,-3.93988862332755,0.558480779141235,0.7605
-19.4388645874965,-3.93899840235049,0.55353454374831,0.7605
-18.6705139283268,-3.93501703764032,0.582222263617282,0.7605
-18.9161714082156,-3.93543203422282,0.580965588699391,0.7605
-19.1144258161535,-3.93646983738557,0.577605045337761,0.7605
-19.2641894669377,-3.93810406787782,0.571757976567977,0.7605
-19.7354303266437,-3.93949327410726,0.564993189785058,0.7605
-3.85279181863958,-3.91473761361794,0.289593408789385,0.7605
-3.98723122140849,-3.91105651612982,0.301828126889788,0.7605
-4.12941012762397,-3.90783699984463,0.312306437248073,0.7605
-2.94447276696391,-3.60664402881688,0.737197996228766,0.7605
-2.86339455690464,-3.6021966249468,0.737873383116964,0.7605
-2.95457602800618,-3.61056839302121,0.736574828553332,0.7605
-3.05564244707459,-3.61779264109176,0.735403932643492,0.7605
-3.09559344230989,-3.62548479678801,0.734132217154547,0.7605
-3.5710795116559,-3.6480594092372,0.730211749112322,0.7605
-3.40426583374196,-3.64095057408109,0.73148819566709,0.7605
-3.24620355860619,-3.63318021077074,0.732836979883288,0.7605
-3.59537665334277,-3.6519334987299,0.729500512804337,0.7605
-3.76692184946646,-3.65650916101822,0.728617705861414,0.7605
-3.92451214715248,-3.66425675845004,0.727098484880022,0.7605
-4.3491832466611,-3.67960540529159,0.723963108300504,0.7605
-4.08405807873929,-3.67187583656187,0.725570939973818,0.7605
-4.55607254075805,-3.68596686244367,0.722596162282717,0.7605
-4.54339290582213,-3.6898304388826,0.721748081006345,0.7605
-4.83769013559938,-3.69521202219051,0.720510317992125,0.7605
-5.81118003870727,-3.72616708199518,0.712920860026732,0.7605
-6.32077527692219,-3.7414852054256,0.708789852225894,0.7605
-5.51564601676123,-3.72162415080207,0.714114323812983,0.7605
-5.01504621365895,-3.70290736571274,0.718699187593718,0.7605
-5.4561697029669,-3.71767517459957,0.715100841340358,0.7605
-6.7037774188704,-3.74709237318004,0.707245100925818,0.7605
-6.07703682359377,-3.73383768782389,0.710871147910465,0.7605
-5.22682421864948,-3.71049617462533,0.716869319825079,0.7605
-6.74711941589408,-3.75095139788504,0.706144876433368,0.7605
-7.75808752511117,-3.77151210780023,0.699915598866371,0.7605
-7.17360059150223,-3.75700151308169,0.704348142042148,0.7605
-7.83602472800348,-3.7754529440554,0.698689755403209,0.7605
-7.3950700738052,-3.76463633023887,0.70203210251828,0.7605
-9.42233816321818,-3.79844263742133,0.691018980734478,0.7605
-9.16872923840312,-3.79444761100416,0.692393626199223,0.7605
-8.39740416220624,-3.78018089999087,0.69716594602386,0.7605
-10.2433065792448,-3.8108991754562,0.686321892800464,0.7605
-10.0914919836929,-3.80320883254475,0.689238129583541,0.7605
-8.76553177605459,-3.78772058570313,0.694672966083845,0.7605
-10.66309980384,-3.81557738248144,0.684528001853632,0.7605
-11.2606025400774,-3.81958304825884,0.682848387005132,0.7605
-11.3108252629169,-3.83217377425258,0.677422439353731,0.7605
-11.1191389228651,-3.82626780224254,0.680001344778897,0.7605
-12.4419823295814,-3.83621368734924,0.675556847988457,0.7605
-12.2948927731663,-3.84155295095799,0.673090192367165,0.7605
-2.93242348565772,-3.95248547145401,0.00715219119000293,0.7605
-5.29389733445242,-3.74627868372842,0.589801586010637,0.7605
-13.3534265621713,-3.84755432836838,0.670251714271196,0.7605
-15.4526571567622,-3.85663470929106,0.665473121852598,0.7605
-14.5165519919389,-3.85149229274344,0.668244649654252,0.7605
-2.97977525584246,-3.95217916410652,0.0220817967655928,0.7605
4.66200223119412,-3.74658991379331,0.59057017413756,0.7605
-5.57198004314023,-3.74775979085051,0.588268708659037,0.7605
-3.06058607463383,-3.95190409871783,0.0376369177803113,0.7605
5.00472571399011,-3.74940876581137,0.589497047256507,0.7605
4.97042613745265,-3.75343619919788,0.587962863260482,0.7605
-5.70726930702416,-3.75156173691424,0.584130852056721,0.7605
-3.04958961057376,-3.95143432455412,0.0531807518499622,0.7605
5.49768559420539,-3.76043386686097,0.585295792818947,0.7605
-5.9675529953201,-3.75540237926838,0.5799534567037,0.7605
-2.90022161107085,-3.95046402264301,0.0687183262686168,0.7605
5.67300780501966,-3.76580968566961,0.583257233243516,0.7605
5.69878449886777,-3.76978419087531,0.581761678861919,0.7605
-6.76387773667556,-3.76302503021661,0.57168555597287,0.7605
-6.1217234527391,-3.75905227637345,0.575999239965482,0.7605
-2.68207560528473,-3.94924466195151,0.0842680580604813,0.7605
6.01797271095067,-3.77655192231992,0.579226165365025,0.7605
6.28416679001719,-3.7826120178392,0.576978356775282,0.7605
-6.54636232151527,-3.76661152637257,0.567540214771855,0.7605
6.88472597715751,-3.79319010790823,0.573015848773836,0.7605
6.87510181351278,-3.80451154105905,0.568920906593256,0.7605
7.1446878479586,-3.80485738588125,0.568799317597332,0.7605
-2.66575747105341,-3.94819235444761,0.0998171488609912,0.7605
-6.95476484995677,-3.77057460846593,0.562930064134855,0.7605
6.48764999899433,-3.78674894897549,0.575436598772476,0.7605
6.86091972292351,-3.80084210846384,0.570217698054763,0.7605
7.46736386923272,-3.80906157743457,0.567321579113226,0.7605
-2.81860165637239,-3.94683009892341,0.115370314295572,0.7605
-6.79608164955405,-3.77394650662714,0.558912834844868,0.7605
-7.21448779617622,-3.77783334433929,0.554261824190668,0.7605
7.34950372604453,-3.81727343576152,0.564491380933246,0.7605
-2.89045146802486,-3.94547258211787,0.127627053497575,0.7605
-3.0247610158526,-3.94465498059819,0.135418995878532,0.7605
-7.42334116070767,-3.78481741787857,0.545488382211013,0.7605
-7.05054660492256,-3.78145639022891,0.549759829684906,0.7605
7.30058048003996,-3.82143036128989,0.563088056141094,0.7605
-3.16549796721101,-3.94350381029879,0.146498800071813,0.7605
-7.87335559983092,-3.79153899122676,0.536967488566915,0.7605
-7.26803885193563,-3.78840065674183,0.540958190347587,0.7605
7.84968358285534,-3.83397858948426,0.559139333464564,0.7605
7.29692246568416,-3.82528969703479,0.561861746408202,0.7605
-3.42759293352172,-3.94182812717291,0.162030936607091,0.7605
-7.71036157612069,-3.79517776954424,0.532092470278979,0.7605
7.56839776062012,-3.8300279325753,0.560365592735236,0.7605
7.97524737638856,-3.83717247501366,0.558150158277887,0.7605
-7.99019589240633,-3.7983975474346,0.527743340667347,0.7605
-3.57200851760748,-3.9396484419788,0.177237695811591,0.7605
7.63345362943971,-3.84089064859738,0.557050004725196,0.7605
-7.78534199730787,-3.79969859590167,0.525950775659535,0.7605
-3.89658431852927,-3.93829518469296,0.184978105485857,0.7605
7.5125302268052,-3.84861927703912,0.554870708110655,0.7605
-7.47518988247857,-3.80264358864207,0.521865503462771,0.7605
7.32106039100216,-3.85682420608401,0.552720381878448,0.7605
7.46126014751203,-3.86436384056913,0.550848769422135,0.7605
-3.85998328078465,-3.93684089444741,0.193023999130681,0.7605
-7.48448045475415,-3.80511094082163,0.518425908149043,0.7605
-7.66792453724254,-3.80783675278775,0.514548180913307,0.7605
6.69852554491054,-3.86871865721995,0.54981916031259,0.7605
-3.83197385118201,-3.93402600947985,0.208519452456909,0.7605
-7.77842551679489,-3.81424233827773,0.505047006728665,0.7605
-7.5114235934976,-3.81170676691269,0.508874417114405,0.7605
-3.87805260618115,-3.93102484277753,0.2240809059747,0.7605
-3.86121932182263,-3.92607394575602,0.245530606845004,0.7605
-7.61561147649015,-3.81700198154531,0.500932203532443,0.7605
-3.82822282072174,-3.92798978682541,0.237731744124816,0.7605
-3.79814917867997,-3.92413788557677,0.253345079264239,0.7605
-7.36487237328175,-3.81972002291638,0.496886878256071,0.7605
-3.95083069898318,-3.92221793536608,0.261059951866769,0.7605
-7.40388442528623,-3.82080223753546,0.495276499688665,0.7605
-7.56763906784271,-3.8234203269446,0.491368532203113,0.7605
-3.90097934748064,-3.91988008896664,0.270644609945285,0.7605
-7.43153945878917,-3.82729395400796,0.485257303164464,0.7605
-7.51373043656405,-3.82952198237328,0.481459989696015,0.7605
-3.87648721774425,-3.91702431123481,0.28171194915913,0.7605
-7.27630003794839,-3.83119226302297,0.478595250849116,0.7605
-7.12779031948092,-3.8335392616583,0.474566463052366,0.7605
-6.9735801387965,-3.83795837611423,0.466999741015028,0.7605
-6.98268997007835,-3.83574399289394,0.470781577429371,0.7605
-4.56108492773167,-3.90549242553594,0.319971226402097,0.7605
-6.76710594543836,-3.84136176283967,0.461164246263553,0.7605
-4.75764357778285,-3.90142407704195,0.33261436282999,0.7605
-6.58650767793089,-3.84643798580492,0.452508578056986,0.7605
-6.66233108243219,-3.84370487341767,0.457129669995722,0.7605
-6.52703953899372,-3.85037468008203,0.445626392532597,0.7605
-6.52030211340718,-3.85335810375601,0.440204357289114,0.7605
-6.62742886095553,-3.85254625018485,0.441676003627045,0.7605
-4.89055474856657,-3.89632231992587,0.346881174613201,0.7605
-4.88968789294745,-3.89328645797181,0.354665511841215,0.7605
-6.52420589190667,-3.8441681512085,0.456334069318422,0.7605
-6.22289976622245,-3.85548331215007,0.436296766302098,0.7605
-4.96084011556604,-3.8920220134663,0.357824618976795,0.7605
-6.45089148312139,-3.86060576546576,0.426853541738728,0.7605
-6.10271839929359,-3.85852752152861,0.430684777083691,0.7605
-5.40407670730831,-3.88897244833516,0.365426829068099,0.7605
-5.52122693786285,-3.88171535808231,0.383038348244431,0.7605
-6.42427409526521,-3.86207104892595,0.42415229686429,0.7605
-5.58581570058002,-3.88502809546723,0.375118374244407,0.7605
-5.75315015009897,-3.87780145839571,0.391866520402709,0.7605
-6.30192821149138,-3.86422533545829,0.420180877264139,0.7605
-6.06992246167009,-3.87432642841528,0.399437118428013,0.7605
-6.30117867329363,-3.86934242234929,0.409902639721814,0.7605
-0.243735589232261,-1.97864463268874,0.845497922894808,0.7605
-0.233836460086435,-1.98644500154612,0.845389808367475,0.7605
-0.325863420128178,-1.99425155052363,0.845250832590961,0.7605
-0.209261532059642,-2.00205541816872,0.845128940194963,0.7605
-0.22971140047575,-2.00664433211607,0.84507974475512,0.7605
0.334813027215337,-2.01055091701727,0.844998605689151,0.7605
-0.691634056528272,-2.01767571393811,0.844897274416235,0.7605
-0.372076200860465,-2.02549843264521,0.844799433915837,0.7605
0.148879928599802,-2.03331717994623,0.844644272584331,0.7605
-0.375011452702336,-2.04112738560738,0.844533807717411,0.7605
-0.531589382279224,-2.04893581821466,0.84449380091901,0.7605
-0.446004177658016,-2.05674237828988,0.844376750124392,0.7605
-0.541567302259562,-2.06455422612792,0.844175267858611,0.7605
-0.10226551119733,-2.07235556692998,0.843932046741027,0.7605
-0.259362579761765,-2.08017324304044,0.843700816635737,0.7605
-0.44968782030562,-2.08800512957074,0.843614310588516,0.7605
-0.319860771605982,-2.09580805082062,0.843580248053281,0.7605
-0.311171582931719,-2.10360747433849,0.843467651289988,0.7605
-0.46430196225282,-2.11139753972462,0.843286372134978,0.7605
-0.468449112120043,-2.13487050928563,0.842760796739661,0.7605
-0.302442343702995,-2.12703567456916,0.842796968625787,0.7605
-0.215836817034169,-2.11917898144682,0.843004984603966,0.7605
-0.308004337709219,-2.14264250544251,0.842663472157089,0.7605
-0.268584659129504,-2.15045861397339,0.842556460347015,0.7605
-0.714149447867307,-2.15827701258438,0.842302514771681,0.7605
-0.457146746192707,-2.16609412996518,0.841890841601033,0.7605
-0.385000437226378,-2.173920754444,0.841581441216932,0.7605
0.0684901891002259,-2.18174280499599,0.84148683138562,0.7605
-0.30601726807519,-2.18956687379674,0.841566720096986,0.7605
-0.28181227934687,-2.19738724791704,0.841571401021405,0.7605
-0.262206541189474,-2.20519867626679,0.841464185623946,0.7605
-0.362006570385555,-2.21300254864602,0.841305231183303,0.7605
-0.398267142492295,-2.2208034080644,0.841101625113886,0.7605
-0.423445496672496,-2.22860461464524,0.840843017536453,0.7605
-0.320144151495744,-2.23640229068854,0.840615836823803,0.7605
-0.688977593614795,-2.24420095258194,0.840305869766311,0.7605
-0.163892643543395,-2.25200619755851,0.840101056586155,0.7605
-0.455667361788571,-2.25981071014525,0.840007479668158,0.7605
-0.204015124753027,-2.26762140604099,0.839833655244587,0.7605
-0.691089733555336,-2.27543890238634,0.839553700252069,0.7605
-0.254033094283102,-2.28325549125165,0.839304410922769,0.7605
-0.510160604392819,-2.29107395246566,0.839140763451272,0.7605
-0.388863769399763,-2.29889022262916,0.83891762653424,0.7605
-0.180236024597744,-2.3145203375799,0.838511721371751,0.7605
-0.499465649840788,-2.30670582212378,0.838689985750785,0.7605
-0.465115391826311,-2.33565450439278,0.838084576022705,0.7605
-0.413606867454939,-2.33013464088247,0.83822908437893,0.7605
-0.257603289552041,-2.32233022290222,0.838396018296041,0.7605
-0.563725392870324,-2.34576726206365,0.837756409209191,0.7605
-0.580728463573621,-2.35356938538796,0.837483562288623,0.7605
-0.539671018359343,-2.33957060798609,0.837965959922676,0.7605
-0.508454856327607,-2.36137805133754,0.837229182393688,0.7605
-0.690882007559666,-2.36919160669572,0.836912697549678,0.7605
-0.917140793257044,-2.37699067756381,0.836441724993118,0.7605
-0.503797069547547,-2.38479856811057,0.836148904829761,0.7605
-0.50706956005009,-2.40040566885507,0.835872926309092,0.7605
-0.34834515063856,-2.39260874706888,0.836058198499751,0.7605
-1.02044637255996,-2.40819481891242,0.835490775333068,0.7605
-0.769538790091958,-2.41600379202159,0.835058108466213,0.7605
-0.789029332338319,-2.4238595010189,0.834705247623769,0.7605
0.0991796231736991,-2.43166944405621,0.834583394739835,0.7605
-0.697931223286296,-2.43944662981726,0.834508795794762,0.7605
-0.742618327765246,-2.4472455354081,0.834226358975596,0.7605
-0.809272335705453,-2.45505642723327,0.833930018194296,0.7605
-0.76324916379094,-2.46286831080639,0.833644386504488,0.7605
-0.920694001570741,-2.4706674494368,0.833350816629511,0.7605
-0.915601966780839,-2.47846885081468,0.833029595279891,0.7605
-0.757863467836675,-2.48627275911164,0.832754266460532,0.7605
-0.922254253161349,-2.49409782137812,0.832487033540089,0.7605
-0.969422760282117,-2.50193210559845,0.832183840834757,0.7605
-0.767132842419852,-2.51755556295491,0.831525659327533,0.7605
-1.21875940180579,-2.53315206936075,0.830905399070624,0.7605
-1.29045140200022,-2.50975084427257,0.831833650622057,0.7605
-1.1989431306658,-2.52535226099839,0.831249777482593,0.7605
-1.13170990948308,-2.54001799821988,0.830613303669186,0.7605
-1.2206807201946,-2.54391910972042,0.830463899784169,0.7605
-1.12138075747302,-2.54875745242198,0.83028805374246,0.7605
-1.71116150824507,-2.55657398088446,0.82991638575759,0.7605
-1.61723482166206,-2.88450882666664,0.813348286035207,0.7605
-1.44036667742136,-2.89233711495947,0.812874382526784,0.7605
-0.532655027075651,-2.98610295343135,0.806765263972171,0.7605
-1.22956915973988,-2.56439544689958,0.829552364880434,0.7605
-1.78887468822643,-2.8767468094106,0.813810109539013,0.7605
-1.23495732561605,-2.90012699774486,0.812394386838986,0.7605
-0.527106155747917,-2.97823851482802,0.807269777181637,0.7605
-1.3612657534597,-2.57220779698534,0.829273851460545,0.7605
-2.05058506019727,-2.86903567768085,0.814270833990662,0.7605
-1.08172113064136,-2.90791785642476,0.81190190938973,0.7605
-0.536221677684456,-2.97039985010279,0.807769271885786,0.7605
-1.62585605606971,-2.58002851610365,0.828951230453918,0.7605
-2.27178714502319,-2.86119769878011,0.814742801735116,0.7605
-0.895628858472587,-2.91571226511671,0.811411564234151,0.7605
-0.615217068086573,-2.96178265877207,0.80833752361491,0.7605
-0.600376244832047,-2.96569372176021,0.808066074630652,0.7605
-1.58214776385606,-2.58784214844087,0.828607597107007,0.7605
-1.89898261091322,-2.59563815881451,0.828235519293102,0.7605
-2.3616267433579,-2.8533600356098,0.81520603483502,0.7605
-2.62919993194401,-2.82220191575541,0.817000285139345,0.7605
-0.829303643896504,-2.92350430060297,0.810918188645744,0.7605
-0.622776265148359,-2.95475194784468,0.808824787123157,0.7605
-1.48255732124329,-2.60343770341335,0.827891591086634,0.7605
-2.53162110311427,-2.83000466845976,0.816561734817761,0.7605
-2.52812227222843,-2.84557946700477,0.815666105834696,0.7605
-2.62683457683342,-2.81439704186743,0.817439075136473,0.7605
-0.755434436337477,-2.93129338598919,0.810404492043709,0.7605
-0.631763821893465,-2.94692849758158,0.809357205563097,0.7605
-1.83384175149794,-2.61123788885766,0.827572478781084,0.7605
-2.55873230703213,-2.83779318550177,0.816121582184511,0.7605
-1.91143195291131,-2.63463080719286,0.826526921945774,0.7605
-2.64772625254641,-2.80659677727005,0.817876944750144,0.7605
-0.703917055002692,-2.9390972168437,0.809882764537917,0.7605
-1.90932010300464,-2.61903994207113,0.827209127620663,0.7605
-1.79527780830328,-2.62683891121274,0.826862161586319,0.7605
-2.31994220725388,-2.64241426119578,0.826147224901159,0.7605
-2.73428262771115,-2.79880314106793,0.818312178228725,0.7605
-1.98137919467083,-2.65022520759498,0.825763887394789,0.7605
-2.13201410008119,-2.66588121122819,0.825064287534766,0.7605
-2.44087368378183,-2.75191249914249,0.820821712491252,0.7605
-2.59125097543095,-2.77097505105474,0.819778642579102,0.7605
-2.13419032937066,-2.77955831356518,0.819361137717215,0.7605
-2.5363211712974,-2.79100430949484,0.818738950135807,0.7605
-2.62389021520768,-2.759733936649,0.820392085124014,0.7605
-2.49959038182016,-2.74400581153645,0.821240311850545,0.7605
-1.97811421179817,-2.65805415841506,0.82541851696985,0.7605
-2.44851859102202,-2.69712193239553,0.823602022649641,0.7605
-1.86004581468382,-2.68151776706063,0.824340051382199,0.7605
-2.25141514255367,-2.67371044248724,0.824689061705375,0.7605
-2.56949359815976,-2.70433285794401,0.823205133112122,0.7605
-2.35250222921849,-2.72062349755484,0.822370828998944,0.7605
-2.48478056701045,-2.76701158459122,0.819989446870104,0.7605
-2.40529825248412,-2.77543932678964,0.819560481357003,0.7605
-2.61975212629462,-2.78345548353093,0.819148556370403,0.7605
-2.20280280848502,-2.7284661937874,0.82199501801687,0.7605
-2.27741269995588,-2.73617409996048,0.821635991960035,0.7605
-2.21526208311139,-2.68931901050496,0.823998982781783,0.7605
-2.48599002520958,-2.70823820369009,0.822989293285312,0.7605
-2.32139072879771,-2.71274278573504,0.822763317808035,0.7605
-2.78224531018749,-3.59442971972755,0.739034528440835,0.7605
-2.73685944121724,-3.58664322347138,0.740174201160592,0.7605
-2.69099464800498,-3.57890635074365,0.741286524528477,0.7605
-2.74644598464673,-3.57126044181531,0.742359811506198,0.7605
-2.7712401100714,-3.56371953236076,0.743364894987073,0.7605
-2.75885518858843,-3.55540819599057,0.744417593869022,0.7605
0.986880564084602,-3.54680728914648,0.744985423130988,0.7605
-3.02876122032809,-3.55904757476258,0.743976077250501,0.7605
-1.79080172491217,-3.55032845535426,0.744849090523924,0.7605
3.23915682525453,-3.53889551939187,0.744512980055832,0.7605
3.23915682525453,-3.53934743083,0.744588457805193,0.7605
3.23915682525453,-3.54261464948122,0.744810670955906,0.7605
4.65510981521824,-3.53263636729823,0.743325351092327,0.7605
4.65510981521824,-3.536041578012,0.743969311997853,0.7605
5.22830533228492,-3.527315770849,0.742041132284322,0.7605
4.87493382233252,-3.52543192291326,0.741489865036274,0.7605
4.7407492454117,-3.53005066756762,0.742750912081405,0.7605
4.63008331458453,-3.51806545533433,0.739184958618602,0.7605
4.71540490133355,-3.52234149224586,0.740557922933098,0.7605
4.33791275101225,-3.51501130114483,0.738156010251921,0.7605
-1.89016392084736,-3.50885971763073,0.737640858218798,0.7605
-1.5246574867829,-3.50170383020927,0.73966962831794,0.7605
-3.7012678920985,-3.4224264809213,0.76063640619813,0.7605
5.26133584835452,-3.5127845178432,0.73738825387991,0.7605
-3.73841999177739,-3.4185469514999,0.761437116659284,0.7605
-1.17099153083757,-3.49288830173944,0.742197811152524,0.7605
-1.29948659052748,-3.48446465755346,0.74457887306876,0.7605
-2.01381174838922,-3.48023445945187,0.745779045482194,0.7605
-3.65737919001883,-3.42950114994466,0.759174302893896,0.7605
-3.3029581283808,-3.4500369731506,0.754029896742084,0.7605
-4.01789683551209,-3.41388780327269,0.76241713261447,0.7605
-2.11681676705764,-3.47607506356185,0.747001998893314,0.7605
-2.55973864790615,-3.46050730634319,0.751287849741308,0.7605
-4.01109991758542,-3.43718069603777,0.75743565447787,0.7605
-3.8528771442928,-3.44487366960909,0.755436662655022,0.7605
-3.02722919652428,-3.45392160352765,0.752986231961524,0.7605
-4.30927783713165,-3.39848384726696,0.765618219430775,0.7605
-4.36007697900311,-3.40612095647158,0.764067517263807,0.7605
-2.44276919870961,-3.46821752398917,0.749248631610199,0.7605
-4.5832627424071,-3.38360956705483,0.76840923341899,0.7605
-4.07034573511272,-3.39081604565411,0.767045053252426,0.7605
-3.61684527406781,-3.2977610840921,0.7813403897659,0.7605
-3.97597516943996,-3.3054499982006,0.780336907186157,0.7605
-4.55478318090025,-3.37968651320388,0.769194332428291,0.7605
-3.11881218738732,-3.29002151012089,0.782190241768223,0.7605
-3.81961995508893,-3.31319353606144,0.779268444560694,0.7605
-4.64356888356474,-3.3674512857263,0.77159255998282,0.7605
-4.84958947048628,-3.37520126204934,0.770099063433025,0.7605
-3.05922359389905,-3.28223397623541,0.782930461798188,0.7605
-3.965618763056,-3.33245442574123,0.776460655687508,0.7605
-3.75394603172692,-3.32100028501642,0.778201329269077,0.7605
-3.74286968361939,-3.35209856946094,0.774099256665364,0.7605
-4.47850012069356,-3.35978692609858,0.772936063418681,0.7605
-3.28153803747844,-3.27097241161177,0.784034114853041,0.7605
-3.21166309956977,-3.27485668999235,0.783632651713111,0.7605
-3.59219172602287,-3.34433235162409,0.77512616746516,0.7605
-3.33623911621535,-3.33655626970502,0.776028723964692,0.7605
-3.59076556310513,-3.32856807917202,0.777077206710999,0.7605
-3.40624454631447,-3.26668263194714,0.784584667052014,0.7605
-3.77524890505424,-3.25890669880891,0.7855983724521,0.7605
-3.30508492531851,-3.2511225089183,0.786541193419449,0.7605
-2.46766955506422,-3.24337388473286,0.787282504459223,0.7605
-2.54419779047057,-3.23565329237929,0.787936622044259,0.7605
-2.46524628839226,-3.22792386046153,0.788608017987095,0.7605
-2.44661734835844,-3.2201885056281,0.789278021181492,0.7605
-2.10729543271413,-3.21240615138449,0.789937306380838,0.7605
-2.07758585777628,-3.2045976169633,0.790584504702062,0.7605
-1.73544627764759,-3.19676267357713,0.791192633618753,0.7605
-1.74109954739036,-3.18892007266029,0.791776854430733,0.7605
-1.78345347644416,-3.18422179153463,0.792142689915157,0.7605
-1.88358602871518,-3.18032163516696,0.792476322358059,0.7605
-1.89367935174214,-3.17331216572617,0.793091750437121,0.7605
-1.86611720434367,-3.16548669871039,0.793793619759615,0.7605
-1.830214475641,-3.15765091061178,0.794494365815416,0.7605
-1.66077981971719,-3.14985504189157,0.795152007582781,0.7605
-1.49477011010859,-3.14207709242685,0.795754136436748,0.7605
-1.62214216754606,-3.13429032730911,0.796368894824893,0.7605
-1.47788271108701,-3.12650547099511,0.796989769165594,0.7605
-1.58349238767469,-3.11873027939935,0.797607381307306,0.7605
-1.17722913637781,-3.11093213728685,0.798185854885186,0.7605
-1.38325798244403,-3.1030904013532,0.798745571710106,0.7605
-1.29211030326479,-3.0952591370795,0.799324009957995,0.7605
-1.23843523889853,-3.08745245479406,0.799897531246672,0.7605
-1.22198839743858,-3.07955078807571,0.800496258116961,0.7605
-1.19718914196741,-3.08345231525962,0.800204059549062,0.7605
-1.19272040684051,-3.07184673088037,0.801084882574794,0.7605
-1.30615100717822,-3.06401364337126,0.801737109803528,0.7605
-1.07496017737094,-3.05618795312232,0.802360054109482,0.7605
-1.02425054330782,-3.0484046709015,0.802916835523107,0.7605
-0.971080061027871,-3.04062653993525,0.803476815623344,0.7605
-1.0246025564546,-3.03285722111637,0.804059081557757,0.7605
-0.778958369953712,-3.02509975477061,0.804596462108514,0.7605
-0.746299150871308,-3.01734756198943,0.805071387597554,0.7605
-0.583964133264733,-3.00952771593868,0.80551462904849,0.7605
-0.479834794591278,-2.99397771692658,0.80629910250843,0.7605
-0.461447841371195,-3.00174313563182,0.805898757182145,0.7605
-0.239380409826272,-1.97084171406555,0.845609489799445,0.7605
-0.228009670343211,-1.96303471349988,0.845716721662633,0.7605
-0.196948217401502,-1.95522392429363,0.845815832208791,0.7605
-0.182830404965139,-1.9474130362332,0.845906662165035,0.7605
-0.20082172847617,-1.93959725742686,0.845995309631154,0.7605
-0.210414994008082,-1.93178398888766,0.846091444968136,0.7605
-0.229880006967425,-1.91617794431741,0.846300663419783,0.7605
-0.243675525124554,-1.92398204116918,0.846196183903678,0.7605
-0.220579850791403,-1.90836745508081,0.846399128346853,0.7605
-0.205889946479329,-1.90055591701247,0.846492212207296,0.7605
-0.205464947673214,-1.89275349333456,0.846582200530211,0.7605
-0.203596434417836,-1.88495650344732,0.84667348078437,0.7605
-0.199322005542678,-1.87714868657229,0.846766423083348,0.7605
-0.216847482016581,-1.86932512326667,0.846859198796865,0.7605
-0.188809196915438,-1.86149824660633,0.846940534861183,0.7605
-0.225728902973811,-1.85368082423938,0.847033851365786,0.7605
-0.172145424248622,-1.84587242029465,0.847129474064103,0.7605
-0.192215691278819,-1.83806943770822,0.847208622840179,0.7605
-0.191423926153217,-1.830265635505,0.847292430162971,0.7605
-0.192044117713382,-1.82245752567164,0.847377008807658,0.7605
-0.18756048116832,-1.81464936659403,0.847460896733308,0.7605
-0.18265566844583,-1.80684191315379,0.847542581599242,0.7605
-0.143319015619664,-1.79903454170651,0.847615354626685,0.7605
-0.112165656205846,-1.79122864415649,0.847673746209964,0.7605
-0.142880087986639,-1.7834250046002,0.847738782586609,0.7605
-0.133770632688646,-1.77562054956452,0.847816758986552,0.7605
-0.186238184832577,-1.76781580909672,0.847893590906223,0.7605
-0.164094166645732,-1.76001360684344,0.847967971571665,0.7605
-0.061301318922646,-1.75220997104509,0.848017902227327,0.7605
-0.0804439298086143,-1.74440145183966,0.848052361095511,0.7605
-0.195988240343151,-1.73659285483499,0.84812240478644,0.7605
-0.118689361351749,-1.72878581419511,0.848208064328492,0.7605
-0.118310562716136,-1.72097733679597,0.848268726621583,0.7605
-0.106349008450253,-1.71317011842581,0.848318813777937,0.7605
-0.0752291287452503,-1.70536305249415,0.848363571201633,0.7605
-0.0677742468928799,-1.65071207117351,0.848641037413286,0.7605
-0.0762581844247283,-1.69755421407509,0.848399883557761,0.7605
-0.0142284813242855,-1.64290444277868,0.848659989942187,0.7605
0.0137393943973348,-1.63509608804155,0.848657258934999,0.7605
-0.0854396565616111,-1.65852052740916,0.848604253078091,0.7605
-0.117970485146543,-1.68974846481169,0.84844636288047,0.7605
-0.10295045209431,-1.62729067074027,0.848676839431185,0.7605
-0.0595823077428779,-1.61948812012931,0.848723438489121,0.7605
-0.0787336851915699,-1.66632932050832,0.848567842428473,0.7605
-0.0812340576475141,-1.68194435520838,0.848497447804597,0.7605
-0.0308619936196575,-1.61168163430998,0.848754546658604,0.7605
-0.0683021857057662,-1.6741375677213,0.848535128660731,0.7605
-0.041456705202892,-1.60387225736601,0.848765330023855,0.7605
-0.0125665418511892,-1.59606279993934,0.848770241258827,0.7605
0.000339194498402432,-1.58044309355054,0.84878396918537,0.7605
-0.0394679796670073,-1.5726345718629,0.84879623588694,0.7605
0.00152135777313006,-1.58825275601585,0.848776681587082,0.7605
8.45463801402874,-0.19013810395283,0.000582052939293576,0.7605
8.45897569215018,-0.190259082332378,0.00770502044467497,0.7605
8.34136580314419,-0.190522014559579,0.0219881131996111,0.7605
8.34325708946466,-0.190906672516071,0.0374726653594517,0.7605
8.34103264211274,-0.191536578096611,0.0529563022931897,0.7605
8.38138574124273,-0.192501082230246,0.0708727987661805,0.7605
8.38138574124273,-0.192007350323992,0.0620517575213121,0.7605
8.38138574124273,-0.192145319765165,0.0644808381803187,0.7605
8.36251026979912,-0.193283957202299,0.0839131792497021,0.7605
8.35437054294171,-0.19441821681822,0.0993840071257104,0.7605
8.37361814700154,-0.196324617111618,0.120018766118576,0.7605
8.37361814700154,-0.195318241566695,0.109801950887016,0.7605
8.37361814700154,-0.195820488152466,0.114946788226961,0.7605
8.40749949116158,-0.198016598673873,0.135630160995137,0.7605
8.40749949116158,-0.19684618239876,0.125252448376697,0.7605
8.40749949116158,-0.197438732757074,0.13052935966282,0.7605
8.40004622951107,-0.199875775041333,0.151049610291181,0.7605
8.40004622951107,-0.198612318260665,0.140812440576528,0.7605
8.40004622951107,-0.199284769595637,0.145990427241741,0.7605
8.40934338779104,-0.201105560730718,0.161332449101461,0.7605
8.4539369194488,-0.203951998351353,0.183635684243143,0.7605
8.4539369194488,-0.20364855416905,0.181509715373208,0.7605
8.4539369194488,-0.202428625199974,0.171909198716052,0.7605
8.4539369194488,-0.203137939497042,0.177593286342176,0.7605
8.50917729099497,-0.204780581245863,0.189397930546502,0.7605
8.59555532647807,-0.20589639668171,0.197156276110933,0.7605
8.60897670397188,-0.207749190459225,0.209384749904872,0.7605
8.60897670397188,-0.206449176418965,0.200921189026402,0.7605
8.60897670397188,-0.20668686434529,0.202384588106603,0.7605
8.59848385561766,-0.209947177681767,0.223396857982772,0.7605
8.64078658847182,-0.212582016680401,0.238892898819665,0.7605
8.67099298137927,-0.215363007667775,0.254418170891355,0.7605
8.73533821584459,-0.219831756024244,0.277716925429618,0.7605
8.73533821584459,-0.219445251056482,0.275626765542834,0.7605
8.73533821584459,-0.217303932070536,0.265009263084255,0.7605
8.73533821584459,-0.218453254596156,0.270702474860917,0.7605
8.70624964372256,-0.220324237584076,0.280036449528054,0.7605
8.7725937044647,-0.221979364450267,0.287831881814726,0.7605
8.8067796119361,-0.224780545308664,0.301014536459494,0.7605
8.8281079025711,-0.228186975272122,0.316497352434686,0.7605
8.82941155691348,-0.231766051041285,0.331926234925072,0.7605
8.86915506804144,-0.234960475143256,0.345423550787026,0.7605
8.87043863739782,-0.236835464193526,0.35330105266256,0.7605
8.85211483186363,-0.239331080855218,0.363046055977347,0.7605
8.84500106301723,-0.243454430933155,0.378691331528613,0.7605
8.38057691817053,-0.28346366941716,0.507515363812696,0.7605
8.86596298386148,-0.247538426833159,0.394113022976578,0.7605
8.90947105160346,-0.250709073706866,0.406049087469586,0.7605
8.27010247050699,-0.292467460203593,0.529298893951154,0.7605
8.31162110839944,-0.290576958805166,0.524942198856007,0.7605
8.36620298105073,-0.285977526312417,0.513910307955026,0.7605
8.31460899063557,-0.288864442372641,0.520935074776728,0.7605
8.23713900878414,-0.295852601507807,0.53704856883017,0.7605
8.40657993647812,-0.281907830145183,0.503531429054923,0.7605
8.46268086951688,-0.279970283424327,0.49851141466478,0.7605
8.66942187358614,-0.252942134721559,0.413962535263881,0.7605
8.07336525574124,-0.299764760750245,0.5454743167529,0.7605
8.03319480395605,-0.303443202334683,0.553055275016996,0.7605
8.13868895942019,-0.297806461316103,0.541456931671347,0.7605
8.46109012366347,-0.27700053876761,0.490817768520601,0.7605
8.71044133290507,-0.25635610041055,0.425240286643585,0.7605
7.78948489032738,-0.313630154136503,0.572671692376985,0.7605
1.34021285490804,-0.314903671761508,0.58932961517475,0.7605
7.93964885655766,-0.30776542606216,0.561691275873328,0.7605
7.89863620558833,-0.305569205720024,0.557430634021063,0.7605
7.84295269732187,-0.311121591353742,0.568076812579985,0.7605
1.24724654375057,-0.300740742615242,0.59120924506087,0.7605
1.23077141869524,-0.288750661509885,0.59273878902156,0.7605
8.60025936101293,-0.27401226924396,0.482293237970354,0.7605
8.47447852733727,-0.275272433254694,0.486242190908016,0.7605
8.56802005506415,-0.267589038406106,0.462266614006895,0.7605
4.16358649280276,-0.274967401715066,0.596253453682814,0.7605
5.96876470621203,-0.272299071664354,0.598008021967449,0.7605
8.5831716785252,-0.264412401161034,0.452246126177349,0.7605
8.57187884525873,-0.26635489498747,0.458409684150172,0.7605
8.73007701060529,-0.260969811576031,0.44070252222019,0.7605
7.52068829130039,-0.320251868982942,0.583495238237498,0.7605
7.63043181744373,-0.316090385226753,0.576926626148926,0.7605
1.30102145948947,-0.309295353870994,0.590082457083051,0.7605
7.51279522281684,-0.323198872031422,0.588055444097028,0.7605
1.34151235282568,-0.318399659623486,0.588847593671954,0.7605
1.2049278331607,-0.293141690260836,0.592180304016593,0.7605
1.32894625125246,-0.285560796496207,0.593185365705446,0.7605
1.66159520820984,-0.281263393118742,0.593885997672223,0.7605
2.81645303739974,-0.278378776717935,0.594545242317637,0.7605
8.55607276132298,-0.269332464961348,0.467711190996798,0.7605
8.55857461552425,-0.271783642197596,0.475331269020203,0.7605
8.00608585818812,-0.271799402556786,0.600530231758561,0.7605
8.20510605182772,-0.271987720015065,0.605249926487114,0.7605
1.33992562348346,-0.322100603188603,0.588336905123653,0.7605
8.32945617584732,-0.273859563673699,0.613594181137068,0.7605
8.35908174640629,-0.27306278371614,0.610536721562387,0.7605
13.9864143455386,-0.473304901312346,0.783011517405804,0.7605
13.4726716537087,-0.477166036492493,0.784628292237985,0.7605
12.498459599212,-0.483239137061879,0.78690366139419,0.7605
12.3801422527264,-0.49076801640355,0.789447228255683,0.7605
13.3908909278262,-0.494788237619838,0.790710023288015,0.7605
10.2549177283563,-0.505830961195677,0.793554756645239,0.7605
10.6444535121056,-0.498604401041658,0.791746264247998,0.7605
8.66900157017205,-0.513612687472881,0.795344941139795,0.7605
8.49127170609169,-0.521216261399706,0.796995062196634,0.7605
8.02350139555589,-0.524936959475625,0.797783363866842,0.7605
3.44228773177644,-0.76530323248521,0.832407660559046,0.7605
7.785353812868,-0.536516582499718,0.800074043704727,0.7605
7.73861963765306,-0.528792051705795,0.798546726950013,0.7605
4.00542852707153,-0.749827118391638,0.830984248935856,0.7605
4.51263650520912,-0.721874871713333,0.828192080267886,0.7605
7.72263734420916,-0.544342316079353,0.801616928081548,0.7605
7.4511577484111,-0.552055885125134,0.803117183791774,0.7605
3.95309411776952,-0.734305934039461,0.829462108930473,0.7605
4.65781718592678,-0.714116381427162,0.827326216603914,0.7605
7.20113222519291,-0.559442971681026,0.804501723756084,0.7605
4.7683076296269,-0.70331074728742,0.826079019962735,0.7605
7.21182198800548,-0.563345029499693,0.805212246888956,0.7605
7.22774973100695,-0.567482934446314,0.80596547684345,0.7605
5.16251046171363,-0.687911324187822,0.824211785183246,0.7605
7.05909960189983,-0.575189031931585,0.807363836303658,0.7605
6.71360498018964,-0.583017989755197,0.808726002812888,0.7605
5.31537151978748,-0.672344402352469,0.822215856240912,0.7605
6.60810405050037,-0.590782644727652,0.81001505560984,0.7605
6.58776891651746,-0.598304664115776,0.811255990064232,0.7605
5.74677289361543,-0.656655480137733,0.82008578177543,0.7605
5.79853149336154,-0.641124895431284,0.817868811264198,0.7605
6.65858008474689,-0.602272836595067,0.81191073853208,0.7605
6.10623087437607,-0.625727065786095,0.815595414047436,0.7605
6.39252194687137,-0.610312087041659,0.813197246559081,0.7605
3.27164822383087,-0.780826328062418,0.833705255595671,0.7605
2.87375148813367,-0.796371146831072,0.834909018951908,0.7605
2.6484273761914,-0.811895075478529,0.83600199554922,0.7605
2.35484438179801,-0.827423180942109,0.837005554249506,0.7605
2.02172320625702,-0.842958719633657,0.837892511926847,0.7605
1.69022710053322,-0.858534617275442,0.838661955688156,0.7605
1.48595684653563,-0.874109327001404,0.83933932594175,0.7605
1.20641859255529,-0.889643515684508,0.839931926637223,0.7605
1.17302931526869,-0.905186423127189,0.840480744121136,0.7605
1.06403163714096,-0.920741959789736,0.841002508678035,0.7605
0.575350483660592,-0.936316634149157,0.841386752598875,0.7605
0.549971552402087,-0.951910313368764,0.841665022508255,0.7605
0.732869136057195,-0.967507446117586,0.841998043305285,0.7605
0.575530770798442,-0.99870977055993,0.842705156175001,0.7605
0.639159155601625,-0.983107896561682,0.842367171384032,0.7605
0.518955922934003,-1.00906606902979,0.842915582538542,0.7605
0.484139553078237,-1.01688080358064,0.843061334750208,0.7605
0.498354335754343,-1.02994207726139,0.843306668690343,0.7605
-0.012883651835845,-1.5648283112402,0.848811030579233,0.7605
0.461351656990239,-1.04554585358442,0.843599496379956,0.7605
0.0196093202171981,-1.55702270097378,0.848813305601359,0.7605
0.41341221684321,-1.06115750591306,0.843875005508118,0.7605
0.0382021876593457,-1.54921528556001,0.84879916058397,0.7605
0.422897475378645,-1.07677787284524,0.844140552737439,0.7605
0.121184690887183,-1.54140846842938,0.848752558339828,0.7605
0.495222436304385,-1.09239185228702,0.844438570110777,0.7605
0.0278753988889049,-1.52969565746946,0.848698409042303,0.7605
0.355532977492025,-1.12361788200712,0.845039984535338,0.7605
0.450992087282804,-1.1079995089146,0.844759068459247,0.7605
0.00321231800223972,-1.51407828804408,0.848678232895094,0.7605
0.314178482494663,-1.13923701484386,0.845273677252621,0.7605
0.041063976650958,-1.49846205891645,0.848654887825104,0.7605
0.260849029138882,-1.15486412072986,0.845478874222823,0.7605
0.023165008813073,-1.48284689544894,0.848623539979732,0.7605
0.287605333584888,-1.17049611074166,0.845680741872612,0.7605
0.042693207415522,-1.46723470617394,0.848598180806642,0.7605
0.221673766064764,-1.18611773514866,0.84587015952937,0.7605
0.133837589727241,-1.45162136347427,0.848513445407252,0.7605
0.36493866973914,-1.20174273395662,0.846093401992496,0.7605
0.0315751941042041,-1.43600628638472,0.848434837931661,0.7605
0.242442649801266,-1.2173673810899,0.846324974311018,0.7605
0.0803107799711717,-1.4203912773144,0.848388394564904,0.7605
0.287080727669167,-1.23298868342087,0.846537731394852,0.7605
0.113870642637527,-1.40477617536984,0.848303952011757,0.7605
0.269471650184943,-1.24861041760234,0.846784371327765,0.7605
0.135375862872894,-1.3891590324718,0.848199479953139,0.7605
0.205534400034722,-1.26422835457693,0.847002673257126,0.7605
0.126135944805875,-1.37354032755891,0.848081419900539,0.7605
0.219470302129918,-1.27984148090104,0.847180846929165,0.7605
0.184589433529945,-1.35791983010032,0.847938118574572,0.7605
0.226360366527307,-1.29545580712179,0.847365357090574,0.7605
0.156020593582888,-1.34230073596248,0.847784492368074,0.7605
0.128178203539373,-1.31107090235008,0.84751695653998,0.7605
0.151527323694912,-1.32668537870901,0.847641567970703,0.7605
8.29222835311102,-0.275025923364402,0.61740479945544,0.7605
8.29246846729704,-0.277349617054771,0.624421575159242,0.7605
8.26941186397549,-0.280069533614269,0.631570529220397,0.7605
8.2558678714451,-0.28156465392233,0.635224377046861,0.7605
8.2707879948468,-0.283224936832577,0.63892739319104,0.7605
8.29608375176066,-0.286521567586519,0.645967552943662,0.7605
8.3705185454777,-0.288670972612396,0.650236639469953,0.7605
8.30784743411058,-0.290471080672651,0.65350450865666,0.7605
8.32858254177504,-0.29382420238412,0.658531997558117,0.7605
8.78025429329094,-0.296205015070928,0.6616883606778,0.7605
8.20895716898436,-0.298650230171933,0.663923861137627,0.7605
8.09703981786206,-0.301776663661392,0.66645390544806,0.7605
5.45231860135774,-0.303003768229633,0.667331826371552,0.7605
5.76185533166192,-0.30696020232622,0.669164728441451,0.7605
4.53202348288235,-0.312862139294554,0.671619658605366,0.7605
7.74370985866388,-0.315536997332365,0.672794738738945,0.7605
5.46266470980038,-0.316886100848375,0.673722585499316,0.7605
6.97247004181696,-0.322127004585962,0.677267584667389,0.7605
7.90618956943568,-0.338656267321964,0.685954499629864,0.7605
5.74826488832211,-0.336313451481263,0.684364491018269,0.7605
8.21940457872201,-0.337982233062558,0.685224011720806,0.7605
5.58833908089173,-0.330322310695335,0.681919164790634,0.7605
7.79674839919848,-0.340636888987784,0.688091429981588,0.7605
8.58053038900804,-0.343234116023069,0.690868865423253,0.7605
6.03556906695048,-0.334518511287693,0.683646582124672,0.7605
9.68325821303907,-0.347541453301908,0.695337989794951,0.7605
9.7883305858111,-0.345218651774516,0.692951548616904,0.7605
10.1035303798946,-0.349501272850483,0.697323408327472,0.7605
10.1107064024544,-0.35160836411878,0.699442745349975,0.7605
11.2301918412269,-0.355503905706439,0.703292773816028,0.7605
11.1070340948429,-0.359600452823985,0.707248542551455,0.7605
11.4168513731328,-0.363521559695592,0.710898531745695,0.7605
11.6353609463507,-0.367629249277333,0.714634586129348,0.7605
11.9785728686558,-0.371561885926298,0.718118222306195,0.7605
12.2051853864697,-0.376135343846175,0.722043326864563,0.7605
12.6470066414234,-0.379806091792854,0.725140929424674,0.7605
12.6241400021494,-0.38456718151033,0.728982398446034,0.7605
12.9663162958822,-0.388267406822672,0.731931613934291,0.7605
13.1614618943828,-0.391902760823687,0.73473841045906,0.7605
13.3519320230342,-0.397052942147647,0.738666630860803,0.7605
13.8348491446591,-0.401119154623417,0.741680393984429,0.7605
13.6448981775567,-0.406105778719122,0.745254112217249,0.7605
13.8170589405481,-0.409867057008787,0.747844088151598,0.7605
14.0884767486904,-0.414912169886582,0.751215749373626,0.7605
13.7510628403406,-0.419372252246079,0.754158465321227,0.7605
14.1184778668498,-0.423230582954247,0.756563824991558,0.7605
14.1018746499071,-0.429371759001087,0.760311740799837,0.7605
14.1010575482197,-0.433118613349377,0.762532407440126,0.7605
14.2844025579697,-0.437629973951823,0.76510347431633,0.7605
14.2137386201869,-0.443167913006183,0.76821385980416,0.7605
14.4484438635464,-0.44718165165172,0.770382085411682,0.7605
14.154105901819,-0.452885153585242,0.773332473759042,0.7605
14.1641586905309,-0.457925818462483,0.775872739479864,0.7605
13.879442064668,-0.461910146929295,0.777770228426809,0.7605
13.9103166420814,-0.467998061533601,0.780584341479195,0.7605
