"Pnx","X (m)","Y (m)","Z (m)"
-0.351528565433282,11.8677482469129,0.1475,0.829452703931438
0.220438863651162,11.8444668145238,0.1475,0.824632643381826
-0.163406944529419,11.8536552135889,0.1475,0.826643459688996
-0.297482148602355,11.8598514897574,0.1475,0.82790704304318
-0.352822257741099,11.8791772070266,0.1475,0.831515207384509
0.144136146872692,11.8465765092993,0.1475,0.825114778724345
0.69695505190689,11.8413913877832,0.1475,0.823914576832802
-0.0394347003689175,11.8469246723515,0.1475,0.825192953694613
-0.0394347003689175,11.8493473285898,0.1475,0.825721270897812
-0.645195317438017,11.8187985302929,0.1475,0.822170631290128
-0.627194678054196,11.8207223982872,0.1475,0.822408405222045
0.848865285082565,11.8390890763121,0.1475,0.823347310145899
-0.297883532697916,11.8946265996291,0.1475,0.834140607768425
-0.69281185864943,11.8168264806183,0.1475,0.821923728030625
-0.592927488609799,11.824252624658,0.1475,0.82283932127544
0.128125769458536,11.8340409151594,0.1475,0.823403041740201
0.128125769458536,11.8370445284116,0.1475,0.82310454822762
0.128125769458536,11.835246657878,0.1475,0.823256487663296
-0.766532476856312,11.8080188261104,0.1475,0.820796568703158
-0.766532476856312,11.8086657229915,0.1475,0.820879949906073
-0.766532476856312,11.8120438552986,0.1475,0.821314258389869
-0.531475149875665,11.8279658516892,0.1475,0.823277894837832
0.105823546342822,11.8300845530639,0.1475,0.823485633431553
0.105823546342822,11.8328437349375,0.1475,0.823486497896052
0.105823546342822,11.8311716891337,0.1475,0.823509467165862
-0.886028977265486,11.80400339312,0.1475,0.820266398372699
-1.02176069854944,11.7965068333965,0.1475,0.819260771790346
-1.31135306353548,11.7848556149902,0.1475,0.81759841039736
-2.66955752817072,11.7554978423156,0.1475,0.812746686641082
-1.87471049065513,11.7696282791623,0.1475,0.815273500470286
-3.2963374978508,11.748301907046,0.1475,0.811300706025458
-3.19023226369525,11.7399799681474,0.1475,0.808844740908136
-2.38508945604995,11.7099561300673,0.1475,0.79895772946704
-2.80216298013852,11.7241510750121,0.1475,0.803831758564576
-2.17090964623122,11.7031009879055,0.1475,0.796519437736339
-1.80717295833339,11.6943668103176,0.1475,0.793313907813675
-1.24638315349821,11.6783916412793,0.1475,0.787269798727645
-0.816018772593189,11.6629069476425,0.1475,0.78124141108409
-0.389493501397103,11.6474915344584,0.1475,0.775161408379981
-0.115590426676653,11.6322777151795,0.1475,0.769083491076917
0.356215284756338,11.6166694684785,0.1475,0.762846341521072
0.284109095872566,11.6004499067656,0.1475,0.756612005333809
0.154188643083472,11.5848271712496,0.1475,0.750874517496292
0.110685902258134,11.5694304738825,0.1475,0.745244810241759
0.0434279742934221,11.553845431631,0.1475,0.739533650128993
-0.00407207684836769,11.5382555487416,0.1475,0.733782095215017
0.0582736800372517,11.5226230929571,0.1475,0.727900050480041
0.062423280974079,11.5074490378294,0.1475,0.722106312859371
-0.0856460096835368,11.4919547615816,0.1475,0.716204334987508
0.00457591580963498,11.4758640755319,0.1475,0.709913421475042
0.0678173536325634,11.4603522893623,0.1475,0.703626582256081
0.0425145411029566,11.4307884712715,0.1475,0.691284263045681
0.0167787661482235,11.4450047628095,0.1475,0.697299544243963
0.142299496086667,11.4235566936173,0.1475,0.688154989098838
-0.0465720746248497,11.4145833338839,0.1475,0.684224282509464
0.141462280740846,11.3989934561859,0.1475,0.677170248060008
0.318101079633312,11.3836014358251,0.1475,0.669795561795573
0.346156684314085,11.3682464651275,0.1475,0.66215809622094
4.57489964755906,11.2883217860089,0.1475,0.611226114730639
0.182874505251775,11.3385001813478,0.1475,0.646211737214205
0.396878172760393,11.352962763252,0.1475,0.654201047187857
6.04196548416525,11.2798945098452,0.1475,0.603742718836143
3.33051282841113,11.2958094206785,0.1475,0.617435031135149
0.812900210587494,11.3223876872973,0.1475,0.636437144612265
0.918782436211926,11.3314967817648,0.1475,0.642165271915223
7.24762451879434,11.2723970091905,0.1475,0.596771627149941
2.51066322761582,11.306784252545,0.1475,0.625842014050723
8.93698869849318,11.2649680516328,0.1475,0.589280499134975
10.5938885096079,11.2574718555994,0.1475,0.58136612432255
12.0057295231178,11.25071918921,0.1475,0.573755703900997
13.7398002959866,11.2431289933457,0.1475,0.564843384273214
17.3265195607232,11.2264538380036,0.1475,0.543570150271633
15.9218190121594,11.2311943599283,0.1475,0.549852899255923
14.9753319341312,11.2340861289026,0.1475,0.553592625445477
14.9753319341312,11.2370031669441,0.1475,0.557271505605883
18.7800778053572,11.2202206962855,0.1475,0.534941720989526
17.6146512672967,11.2237130000832,0.1475,0.539839356892943
19.7509594882282,11.2148805909608,0.1475,0.527281325622137
21.0033067364077,11.2108585674665,0.1475,0.521321754794373
24.9734269146078,11.1973908381957,0.1475,0.499525906403398
22.6612164394743,11.2028924548989,0.1475,0.508789085705971
22.6612164394743,11.2035876721611,0.1475,0.509893844158471
22.6612164394743,11.2056783389051,0.1475,0.513238536660036
21.5239478723435,11.2083841266985,0.1475,0.517530367589234
18.7428983052965,11.1890779007982,0.1475,0.486428208729846
21.3773684581303,11.1914337034513,0.1475,0.489421046254713
25.9307421634164,11.1937124157653,0.1475,0.493057635720211
25.0271468705138,11.1955246071507,0.1475,0.496261804576495
24.1462203354321,11.1993909556894,0.1475,0.502964480213211
23.4749401423544,11.201480070222,0.1475,0.506468419376951
19.2632045429328,11.1851808654782,0.1475,0.482395618573716
18.7567532193954,11.187203847913,0.1475,0.484493125603288
21.4394547443006,11.1834538093249,0.1475,0.48051772270539
23.8646656537916,11.1817168711463,0.1475,0.478000021788211
26.2567509631205,11.1766691882319,0.1475,0.469696647535104
25.6393833022364,11.1793858191102,0.1475,0.474233924216273
25.9591313439914,11.1734001438802,0.1475,0.464475567067787
24.7460104961777,11.170564511907,0.1475,0.460288738488606
24.2194938053066,11.1671453210612,0.1475,0.455675745035926
23.5541453262465,11.1633608142143,0.1475,0.450720388014015
23.2431455828226,11.1602044444349,0.1475,0.446730439514142
24.1047803475207,11.1467678353006,0.1475,0.429343087857894
24.1047803475207,11.1475720510334,0.1475,0.430391416330943
24.1047803475207,11.1490333372148,0.1475,0.432297741299983
24.1047803475207,11.1565038997113,0.1475,0.442042570596319
24.1047803475207,11.152086909706,0.1475,0.436308603426454
26.009431358729,11.1403269105749,0.1475,0.420105409145591
27.2309481896421,11.1343642464392,0.1475,0.410866065572872
25.1507990166233,11.1441637980564,0.1475,0.425647839452304
28.6257786035738,11.1301627190289,0.1475,0.403701935793677
26.3295280772644,11.1378645769432,0.1475,0.416395103949438
29.6486201691972,11.1266797788392,0.1475,0.397103242363144
32.4431459427082,11.124183371447,0.1475,0.391239339295328
37.3147260156156,11.1230871196289,0.1475,0.385747084624519
38.113535216459,11.1229292766074,0.1475,0.381329928072981
38.3681103656229,11.1229475444901,0.1475,0.378023127691141
38.5620153654557,11.1229934319946,0.1475,0.374849014442941
38.3846925093593,11.1233587536917,0.1475,0.371845727511037
39.1403230211405,11.1308375065173,0.1475,0.364590032295707
38.8537916078593,11.1302094319778,0.1475,0.362037472590674
17.9325154878505,11.1307999857447,0.1475,0.365128748532726
17.9325154878505,11.1297688155294,0.1475,0.365647712521932
17.9325154878505,11.1278078201376,0.1475,0.36661656765097
32.04857631304,11.125045038804,0.1475,0.368842505717328
37.7356264702247,11.1284371535489,0.1475,0.355896783215098
37.7356264702247,11.1289107904435,0.1475,0.357432761868893
37.7356264702247,11.129421065958,0.1475,0.359057538404785
18.3578699452569,11.126560984981,0.1475,0.367221467611152
37.3555717868327,11.1274627799522,0.1475,0.352668415892907
37.449761431104,11.1246716671134,0.1475,0.342750518953559
37.449761431104,11.1249254950536,0.1475,0.343680152536814
37.449761431104,11.1252007570166,0.1475,0.344674118418781
37.449761431104,11.1260798499446,0.1475,0.347876294700669
38.0873659059007,11.1239979651426,0.1475,0.339849380466792
38.1122793197711,11.1232167531006,0.1475,0.336120890112482
39.4026624403216,11.1241788098258,0.1475,0.262845311978706
39.1333441424948,11.1239969952723,0.1475,0.270174715519667
38.9021299087962,11.1224892871965,0.1475,0.330848503388779
38.8394811452278,11.1233813734463,0.1475,0.25743119265263
39.0452619747875,11.1233690411041,0.1475,0.27870563788823
39.3769632258223,11.1218709572574,0.1475,0.313934424416305
39.3769632258223,11.1218848849438,0.1475,0.315966209501397
39.3769632258223,11.1219774647329,0.1475,0.322077413160601
38.2596195669589,11.1221516580611,0.1475,0.252929075514149
39.2036310154133,11.1228610483405,0.1475,0.286544923275191
39.2541027153098,11.1224732124179,0.1475,0.294210914765454
39.4514025460923,11.1220758729674,0.1475,0.305468589522319
38.4930334346685,11.1211056727506,0.1475,0.249525093482382
38.5160013802889,11.1199303127235,0.1475,0.244489728983045
38.5160013802889,11.1201521823626,0.1475,0.245604784307727
38.5160013802889,11.1204494395495,0.1475,0.247065718737827
36.4876004020975,11.1201385222406,0.1475,0.242250875539675
26.9448677911019,11.1217159880074,0.1475,0.239000216446002
16.9612843206603,11.1280162660329,0.1475,0.233397554299449
1.34338758254996,11.1467309053308,0.1475,0.231255136990103
-0.772473030625274,11.1394270895391,0.1475,0.231340277853874
2.3525434084878,11.1547033558381,0.1475,0.230829949941836
22.1815903824234,11.1249212281076,0.1475,0.235738688442768
6.73336824743079,11.1799643428397,0.1475,0.13814165114169
7.53185034752203,11.1724432071424,0.1475,0.136687250025501
4.97408827515952,11.1335954823585,0.1475,0.231568720881044
13.8318885599643,11.1301309183323,0.1475,0.232300522931436
2.41563307324008,11.1626578328776,0.1475,0.230303331886671
35.9990785133296,11.2074035019768,0.1475,0.194544530666646
5.89172529568957,11.1872083784232,0.1475,0.139387395860813
8.12020748980717,11.1651330457701,0.1475,0.135161097195955
2.44097924914372,11.1704465603688,0.1475,0.229782191875856
35.891199033672,11.2060773557728,0.1475,0.201996668451419
9.76545413976058,11.158391629176,0.1475,0.133573681265948
36.2241541138471,11.208778491057,0.1475,0.18682487617149
5.52568872965439,11.194444092624,0.1475,0.140509691371504
4.67737196506999,11.2016856524636,0.1475,0.141512826338275
2.45635561125029,11.1779532086099,0.1475,0.229279366739566
35.8605333174026,11.2048794596001,0.1475,0.208739881902514
14.2198819206097,11.1523460430114,0.1475,0.131737299647133
23.6448277898768,11.1482580932348,0.1475,0.129806187419898
36.4886067762802,11.2101852705423,0.1475,0.178875889301491
3.93187345675153,11.2071237963939,0.1475,0.142159127153247
2.46986095918463,11.1857058904504,0.1475,0.228760208718272
2.47203596172655,11.1918806923018,0.1475,0.228346688674018
36.0846467275134,11.2014834956039,0.1475,0.22758312821132
36.1136238561227,11.2015804064579,0.1475,0.227064716646527
35.892781324422,11.2042458628998,0.1475,0.212302064153884
27.7252254173074,11.1417519491672,0.1475,0.124458448335381
26.0223211589571,11.1453491972111,0.1475,0.127582779970451
36.9077113288722,11.2140628054262,0.1475,0.156976628423894
36.8726390461146,11.212702275459,0.1475,0.164653654177601
36.7501536883768,11.2116362436888,0.1475,0.170667247709497
36.8916649720854,11.2144315618388,0.1475,0.154902117068885
3.63408806381614,11.2110132107365,0.1475,0.142547200807439
2.70201870335759,11.1960645910301,0.1475,0.22806984127578
3.14462334762493,11.1990933966175,0.1475,0.227856328835929
3.99807477575657,11.2007488070543,0.1475,0.227700711724848
36.0989341051316,11.2018419585494,0.1475,0.225661962482765
36.0419210620801,11.2023770163709,0.1475,0.22275260526602
35.9612597304055,11.2034514304429,0.1475,0.2167673341278
28.638552159526,11.1357139225458,0.1475,0.118558385785049
28.6461427871336,11.1386185470322,0.1475,0.121520881387043
36.9403940147982,11.2135623307258,0.1475,0.159794709206013
36.9403940147982,11.2131894874801,0.1475,0.161900957487964
36.9403940147982,11.2130785752359,0.1475,0.162529167229394
36.8110200079787,11.2149890680776,0.1475,0.151768319176769
3.58925402035814,11.2147851564518,0.1475,0.142907350700205
25.8986139780577,11.1314666322892,0.1475,0.113502073088821
28.9363291371917,11.1329081959577,0.1475,0.115453663569034
36.7462844193941,11.2155938836865,0.1475,0.148336558707239
36.7238261766439,11.2163714286491,0.1475,0.143908406097419
36.7479778565907,11.2159721860179,0.1475,0.146167153913326
25.6584306585772,11.1306675268773,0.1475,0.110942555803483
36.7351832935371,11.2161725959434,0.1475,0.14503097988446
10.6199481680587,11.1307297803005,0.1475,0.106966807143996
12.6359131588861,11.1321345511043,0.1475,0.101835195176798
10.4737272672937,11.1343109330032,0.1475,0.0955520407189064
2.72836062350847,11.1369197080876,0.1475,0.0890612974004256
-9.60345418155555,11.1397069729793,0.1475,0.0836715064106663
-26.3005906350546,11.1421172470869,0.1475,0.0806361091718672
-16.0541266586979,11.1453418539367,0.1475,0.0787631639234894
-7.34558633587702,11.1502514676886,0.1475,0.0772439577179128
-2.51559092903814,11.1638021214342,0.1475,0.0752933163097256
-3.21974078021294,11.1564867670836,0.1475,0.0762662688349232
-1.87797628506561,11.1714302232095,0.1475,0.0742887527008216
-1.49593742124964,11.1787581583782,0.1475,0.0733232166405906
-1.01091717575691,11.1847235610167,0.1475,0.0725372078939691
-0.437705824417444,11.1918923212673,0.1475,0.0715766459427807
-1.35693228705518,11.1825132179926,0.1475,0.0728284132132273
-0.705583724634273,11.188494881576,0.1475,0.0720405523847157
-0.705583724634273,11.1908829504874,0.1475,0.0717259678887205
-0.436807639992422,11.1935665159937,0.1475,0.071285767383281
0.0216096470888144,11.1959033284356,0.1475,0.069775262024541
2.68772064887283,11.1970284867113,0.1475,0.0678848763883047
2.30036581158918,11.1971156728319,0.1475,0.0659679570387795
2.57981413395965,11.1970725513711,0.1475,0.0668177814945835
-10.4664889026041,11.1972952825467,0.1475,0.0654637994470961
-10.4664889026041,11.1971945861214,0.1475,0.0655454303173065
-8.02514591182163,11.1977657539287,0.1475,0.0651894099223689
-3.51305380400781,11.2173956530574,0.1475,0.0670639187309429
-6.95060869590953,11.1988126561984,0.1475,0.0645115510392652
-3.07563663161498,11.2203152326807,0.1475,0.0664707467079217
-3.85037260277645,11.2152367166741,0.1475,0.0675026022253757
-4.49981776453748,11.2119427508503,0.1475,0.0681717325408311
-5.8939681799248,11.19966356352,0.1475,0.0639150506445247
-2.62031643683801,11.2267210320504,0.1475,0.0651675347671771
36.7216512246046,11.1999057433206,0.1475,0.063899672425559
-5.03517055556493,11.2076095191148,0.1475,0.0690539666158703
-2.22241707624171,11.2348610157843,0.1475,0.0635116586401651
30.060223143306,11.1999281634243,0.1475,0.0647283106122797
-5.76422665605534,11.2044060859383,0.1475,0.0697243018292114
25.3716309920365,11.200041436578,0.1475,0.0698711228451967
25.0741942832162,11.2000166553555,0.1475,0.068570611270746
-2.10285475566427,11.242603223287,0.1475,0.0619386324436351
25.415062896472,11.1999748956131,0.1475,0.0666196751020152
-5.535288272663,11.2032192493791,0.1475,0.0699927099250908
-4.43379569561809,11.2005605895809,0.1475,0.0705696417731771
25.2353619525834,11.2000546703576,0.1475,0.0705473588715618
-4.98319823084648,11.2002254002231,0.1475,0.0706354148155585
-2.01527008420026,11.2542767948458,0.1475,0.0595674191765574
-5.2125420658022,11.20177472127,0.1475,0.0703113140210037
-1.82032754152927,11.269678030938,0.1475,0.0566683088537092
-1.37756148102413,11.2848187758969,0.1475,0.05446849152431
-0.881846567630646,11.299959630169,0.1475,0.0530113080682369
-0.653108899058678,11.3152338782132,0.1475,0.051973793870478
-0.495642446691894,11.3306664505645,0.1475,0.0511322889867298
-0.454156032041386,11.3461923672129,0.1475,0.0503811990437882
-0.433885359550093,11.3618177586135,0.1475,0.0496222469113011
-0.414254062920844,11.3774554204245,0.1475,0.0488585234358233
-0.404821868047672,11.3930238565485,0.1475,0.0480921744877277
-0.398131996144348,11.4086054554044,0.1475,0.0473170373757361
-0.391019636840118,11.4241897990581,0.1475,0.0465395673349467
-0.386762584615532,11.4397737283251,0.1475,0.0457619671818977
-0.389567582830063,11.4553587536926,0.1475,0.0449758664491703
-0.391789893484088,11.4709458375229,0.1475,0.0441799019607001
-0.393775285799207,11.4866272934332,0.1475,0.043377644007019
-0.395871028559042,11.5023288565448,0.1475,0.042574357358003
-0.398801895565294,11.517956723006,0.1475,0.0417732770712722
-0.408035070422159,11.5335847085054,0.1475,0.040965457617138
-0.415948020979965,11.5492127599202,0.1475,0.0401495402455847
-0.422516004909237,11.5648407949419,0.1475,0.0393306981734435
-0.429440328787434,11.5804688299638,0.1475,0.0385118561021212
-0.436777433702702,11.5960968631252,0.1475,0.0376930015910692
-0.447732469804242,11.611724572489,0.1475,0.0368708216592986
-0.460092308354875,11.6273516945096,0.1475,0.0360423627529904
-0.470002327830289,11.6429785527245,0.1475,0.0352109470495607
-0.480116155981066,11.6586814760131,0.1475,0.034375591980497
-0.490509699382267,11.6743625394396,0.1475,0.0335414899984131
-0.502116034635741,11.6899458958744,0.1475,0.0327122722795225
-0.517089375531994,11.7055283679757,0.1475,0.0318791836531219
-0.529739216651452,11.7211097380107,0.1475,0.0310425861267779
-0.54224559870771,11.736691133507,0.1475,0.0302060317802851
-0.554846467052135,11.7522725872029,0.1475,0.0293694743092903
-0.567573577960368,11.7678541133277,0.1475,0.028532915056487
-0.581408969888289,11.7835357835135,0.1475,0.0276904190148876
-0.594890811671253,11.7992391405844,0.1475,0.0268461863107646
-0.608427868971966,11.8148640794226,0.1475,0.0260061514207131
-0.622161202615667,11.8304890017018,0.1475,0.0251660993767376
-0.635643763757487,11.8461137501156,0.1475,0.024326279247038
-0.64869163775771,11.8617380644836,0.1475,0.0234876838925569
-0.661659961874096,11.8773620634682,0.1475,0.0226503338810009
-0.675484152068775,11.8929860211145,0.1475,0.0218132549472436
-0.689453799359671,11.9086099782034,0.1475,0.0209761796688146
-0.703168782464049,11.9242339294415,0.1475,0.0201391353166925
-0.714864959720735,11.9398575825533,0.1475,0.0193042212378717
-0.724184782923457,11.9555491729358,0.1475,0.0184703486468315
-0.736918096340116,11.9712188919162,0.1475,0.0176402027211833
-0.750548264305185,11.986798525605,0.1475,0.0168148404906787
-0.764673518678953,12.0023781640159,0.1475,0.015989284773337
-0.775875747634351,12.0179580458598,0.1475,0.0151650482808708
-0.779778745320611,12.0335381691445,0.1475,0.0143470290534263
-0.791798575787183,12.0491183454589,0.1475,0.0135340086556164
-0.804350773034199,12.064779264663,0.1475,0.0127171111724687
-0.817899537793049,12.0804610635831,0.1475,0.0118991621281377
-0.817805552203778,12.0960826274373,0.1475,0.0110909823525859
-0.826152173357927,12.111703728961,0.1475,0.0102907276731173
-0.837370873664892,12.1273248398387,0.1475,0.00949181801684506
-0.84975757637406,12.1429459868802,0.1475,0.00869298341769939
-0.846222750104195,12.1585667611504,0.1475,0.00790120316059103
-0.852075983279679,12.1741870264278,0.1475,0.00711894134253032
-0.862426021934966,12.1898071573492,0.1475,0.00633913889971108
-0.873670464545346,12.2054272878076,0.1475,0.00555932690065744
-0.88141577033725,12.2210473737285,0.1475,0.00477967835138363
-0.873082978353621,12.2366670416507,0.1475,0.00401255651684489
-0.871468488372636,12.2523587806079,0.1475,0.00325696520624624
-0.879440858986862,12.2680325675174,0.1475,0.00250488811479846
-0.889243244224199,12.2836159665775,0.1475,0.00175715756409862
-0.900299284299264,12.299199397829,0.1475,0.00100933794308491
-0.904000036243233,12.3147826167626,0.1475,0.000262716259396092
-0.885573906557549,12.3303646574483,0.1475,-0.000467333815699199
-0.890501295912425,12.3459457977406,0.1475,-0.00118225558727314
-0.899319565041159,12.3615269999818,0.1475,-0.00189733498718162
-0.905549809694947,12.3771090876283,0.1475,-0.00261221480240415
-0.909990892484431,12.3927702995753,0.1475,-0.00332620179963041
-0.891276799754385,12.4084436006485,0.1475,-0.00402470249190998
-0.895339929693505,12.4240503395631,0.1475,-0.00470710023198701
-0.904340641318305,12.4396557308618,0.1475,-0.00538724578552623
-0.911410001350358,12.4552587843321,0.1475,-0.00606504625941586
-0.889598675700533,12.470853380758,0.1475,-0.00672825050713264
-0.902538097213768,12.486440524995,0.1475,-0.0073775549169089
-9.04410910918546,12.9283662674239,0.1475,1.25490124515771
-10.2214154862013,12.9325605703343,0.1475,1.25672722703013
-9.04327444037809,12.9336229292212,0.1475,1.25721628158668
-12.6984863376715,12.9341378307061,0.1475,1.2575998398194
-10.0050742803357,12.9211749205661,0.1475,1.25232380226539
-8.70336639712297,12.9264528024828,0.1475,1.25423974776333
-8.70336639712297,12.9244514955977,0.1475,1.25355897275725
-19.9680475121788,12.9358855001106,0.1475,1.25901525887906
-10.0730877813643,12.9306282567307,0.1475,1.25583513540367
-21.4278413100698,12.9355065742547,0.1475,1.25888543392755
-21.3134170231102,12.9349592845847,0.1475,1.2583798044026
-13.1807323230532,12.9403484454609,0.1475,1.26053935314843
-14.6392507783532,12.9379033843088,0.1475,1.25970525020489
-15.5105739148861,12.9364788527975,0.1475,1.25921830930408
-9.93651987772374,12.9087132575773,0.1475,1.24758357012619
-9.89760236331026,12.9157881605734,0.1475,1.25026741830671
-12.4585542154219,12.9445129863232,0.1475,1.2619534727779
-12.5580741461477,12.9421161270844,0.1475,1.26114113742363
-9.78241341424974,12.8824853500813,0.1475,1.23739516022365
-9.91538793964676,12.8973822172183,0.1475,1.24321585609094
-11.9113305149219,12.9488654712791,0.1475,1.26341451961969
-11.5758715699003,12.9554395374339,0.1475,1.26557631158865
-11.2790849886577,12.963241987285,0.1475,1.26809311264615
-10.9011434206183,12.9746811439319,0.1475,1.27163185022212
-10.476459426596,12.9901259836687,0.1475,1.27621457624829
-10.0511655203304,13.0056175347854,0.1475,1.28056874310173
-9.17727548733923,13.036466949509,0.1475,1.28856378457325
-8.90148657278814,13.0519484451691,0.1475,1.29234257789621
-8.77766809138245,13.0674837503098,0.1475,1.2959754022081
-9.55757335142752,13.0210534054149,0.1475,1.28465919232761
-7.97276749138109,13.0827252114217,0.1475,1.29932426950167
-7.71160722746944,13.0981201121175,0.1475,1.30249587220165
-7.47133251897118,13.1138393352352,0.1475,1.30559869717205
-6.82830184719525,13.1293433419687,0.1475,1.30848633339513
-6.43659263860827,13.144984501181,0.1475,1.31123454723404
-6.39398678631768,13.1604117752522,0.1475,1.31386003792223
-6.32195186236723,13.1757935346593,0.1475,1.31642623595529
-5.78352061357579,13.1913930183634,0.1475,1.31887463705803
-5.06407656222003,13.2069084736827,0.1475,1.32106473196128
-4.91933716476741,13.222424166357,0.1475,1.32311415822018
-4.88434913683616,13.2379398608551,0.1475,1.32516357117162
-4.92168432633387,13.2535461818879,0.1475,1.32722553294
-4.53623643674293,13.2690429419079,0.1475,1.32919444036259
-3.71388548401701,13.2843877403505,0.1475,1.3308590697178
-3.45698735929683,13.2999415181896,0.1475,1.33233048367504
-3.39575827565966,13.3155654190108,0.1475,1.33379894343121
-3.3654675277295,13.3310986883999,0.1475,1.33525899652311
-3.37352070326078,13.3466319576382,0.1475,1.336719050394
-3.18883390807713,13.3621674968128,0.1475,1.33813810429794
-2.31658275323406,13.377715294144,0.1475,1.33933253646647
-2.17762207649069,13.3932773435129,0.1475,1.34032115104665
-2.13976653159736,13.408843742182,0.1475,1.34128712750396
-2.1152111829204,13.4244852179352,0.1475,1.34225732018832
-2.10099199781002,13.4400970817744,0.1475,1.34322567464802
-2.10340838929878,13.4556043731831,0.1475,1.34418753038485
-1.94868017530411,13.4711188351417,0.1475,1.34509514261872
-1.28751545322478,13.4866538744691,0.1475,1.34582312899978
-1.09623136284078,13.5021982712108,0.1475,1.34638032438759
-1.07795374483351,13.5177388394538,0.1475,1.34689212179085
-1.04744580789777,13.5332817026275,0.1475,1.34740126493303
-1.0152885822221,13.5488696621248,0.1475,1.3479010922328
-0.939317260568653,13.5644692004769,0.1475,1.34836440270526
-0.593815522244879,13.5800390199466,0.1475,1.34872581965915
-0.582984804711514,13.5956105951381,0.1475,1.34901520664174
-0.576882057425963,13.6111821703296,0.1475,1.34930459362433
-0.553788126597238,13.6267538082373,0.1475,1.3495932607035
-0.317960601426833,13.6423272593792,0.1475,1.34981914734973
0.0191189990968136,13.6579068296743,0.1475,1.3498933290853
0.0362940875213463,13.6734907910651,0.1475,1.34987728756737
0.0357812078587561,13.6890747748589,0.1475,1.34986066821287
0.036101910290515,13.7046587759353,0.1475,1.34984373609421
0.0399836614874545,13.7202429039043,0.1475,1.34982450761235
0.183494389354493,13.7358276275016,0.1475,1.34978079686265
0.435127375245168,13.7514148796309,0.1475,1.34961340502042
0.502405304561279,13.7670042203289,0.1475,1.34934228866558
1.12272695328211,14.0011922697163,0.1475,1.3421392105066
1.18993640572673,14.0164823816907,0.1475,1.34143715832084
0.495429181401298,13.7825936071395,0.1475,1.34906862918608
0.490616211608341,13.7981829939501,0.1475,1.34879496970657
0.487796656501503,13.8137739516392,0.1475,1.34852128265153
0.543823593335491,13.8293890347392,0.1475,1.34824527835055
0.693899272528589,13.8450167538468,0.1475,1.3479072857311
0.863233909382345,13.8606141085974,0.1475,1.34745919096354
0.863076182485757,13.8761905223155,0.1475,1.34696026509925
0.853179658279999,13.8917664237137,0.1475,1.34646091218709
1.2652342339514,14.0320769465868,0.1475,1.34067287247382
1.26319354264154,14.0476709536416,0.1475,1.33988306012582
1.30067499812636,14.0632649275323,0.1475,1.33909088990671
1.32335592752064,14.0788587058356,0.1475,1.33828210244072
1.46502572599187,14.0944551388839,0.1475,1.33739329295594
1.48313662454165,14.1100544585607,0.1475,1.33643381206451
1.46650645900862,14.1256538417726,0.1475,1.33546894801107
1.45485226754123,14.1412532253254,0.1475,1.3345040550777
0.847676685105782,13.9073423031754,0.1475,1.34596155997821
0.882813126745781,13.9229178245316,0.1475,1.34546083357015
1.04513544813595,13.9384897716858,0.1475,1.34489089303983
1.12445516848169,13.954057084826,0.1475,1.34422775995359
1.11618233481219,13.9696228145898,0.1475,1.34353907932062
1.12845701181774,13.9855526551556,0.1475,1.34283315094225
1.44881319430606,14.1568526088781,0.1475,1.33353916214433
1.51335975196187,14.172533664681,0.1475,1.3325565160788
1.61727445052901,14.1881833144803,0.1475,1.33151028201721
1.62321736196544,14.2037139460167,0.1475,1.33041356287403
1.60773391438172,14.2192385550944,0.1475,1.32931210310951
1.59616927069001,14.2347878534941,0.1475,1.32820879524852
1.59014044733599,14.2500667621062,0.1475,1.32712467302345
1.58896101011088,14.2580915799518,0.1475,1.32655526825774
1.61622224604853,14.2662441370825,0.1475,1.32597512246106
1.76273871543714,14.2816654112388,0.1475,1.32481168129168
1.76742958602369,14.2972689400131,0.1475,1.32356129639903
1.75455600068807,14.3128726840324,0.1475,1.32230238515212
1.73978046623331,14.3284764372116,0.1475,1.3210431110631
1.72903944851534,14.3440801903907,0.1475,1.31978383697408
1.73385438830524,14.3596839384227,0.1475,1.31852404775153
1.79906181369125,14.3754032507001,0.1475,1.31723353692928
1.88594669602358,14.3910617623212,0.1475,1.31587993379321
1.86530024982479,14.4065440069768,0.1475,1.31449325188504
1.84829471096644,14.4220516027009,0.1475,1.31310408995493
1.83920552932961,14.4372622189489,0.1475,1.3117415064136
1.83397908763121,14.445253819525,0.1475,1.31102561014507
1.83144307686873,14.4534586124317,0.1475,1.31029061587578
1.90881952017019,14.4689189221404,0.1475,1.30887776305228
5.14182159243358,15.0285461582541,0.1475,1.25124752771413
1.95360238904663,14.4845257416242,0.1475,1.30739068393474
5.11943823413729,15.0140443898278,0.1475,1.25448774835911
1.94157617618988,14.500133588357,0.1475,1.30586964281656
4.65316961846514,14.9985159559387,0.1475,1.25772129344365
1.92180039126919,14.5157414888243,0.1475,1.30434792722483
4.62387862852521,14.9830830966622,0.1475,1.2607047320105
1.9078710025189,14.5313493892915,0.1475,1.30282621163309
4.06006447198331,14.9677113484154,0.1475,1.2634363017401
1.91947439596942,14.547061225867,0.1475,1.30129320219606
1.96882967464072,14.5627011351968,0.1475,1.29973165498667
4.19940171003991,14.9515916646983,0.1475,1.26612483559436
4.17742022033291,14.9593061731333,0.1475,1.26483415185342
1.9699808378721,14.5781595120868,0.1475,1.29814340749758
3.59827592001037,14.9370485067134,0.1475,1.26836608074079
1.95702943630464,14.5938998695419,0.1475,1.29650749346708
1.95439278972033,14.6563133476511,0.1475,1.28991887846619
3.51232240383908,14.9216511572915,0.1475,1.2705117996464
1.92503353659425,14.671960589017,0.1475,1.28821077136441
1.8804634044364,14.6877652898498,0.1475,1.2864849501375
1.80811267946293,14.7035166788622,0.1475,1.28478063131521
1.93390137353882,14.609568532219,0.1475,1.2948711489867
1.94845067091088,14.6406644233232,0.1475,1.29160580150297
1.76495908210115,14.71905744243,0.1475,1.28311112039496
3.23368742515411,14.9061561509792,0.1475,1.27251801221643
1.92409049756886,14.6250312245113,0.1475,1.29325591214985
1.7061446847732,14.734926328431,0.1475,1.28140193444374
2.50073973942215,14.8907991242756,0.1475,1.27420762774104
1.54383589331674,14.7506721874808,0.1475,1.27970835717001
2.58968782372619,14.875436432101,0.1475,1.27568083255864
0.911158675507696,14.7661787377552,0.1475,1.27838408292238
0.480176197295306,14.8600072740497,0.1475,1.27647914040959
0.923653030985633,14.7818978517811,0.1475,1.27741574827745
-0.381704946314123,14.8444774742002,0.1475,1.27640733392534
0.813832343195612,14.7976212275251,0.1475,1.27657978258696
-0.324860317777614,14.828915453472,0.1475,1.27610967450945
0.112268466212396,14.8133094641191,0.1475,1.27608431543662
-0.208121985295524,11.9100740906322,0.1475,0.836551208878723
-0.0386308802440642,11.9596606072246,0.1475,0.843301989273621
-1.84625154165989,11.9833322373877,0.1475,0.840234184043043
-0.0901397637186383,11.9698663671732,0.1475,0.844040939630224
-2.89464316514378,11.9836493669811,0.1475,0.839956250581852
-0.033613349335957,11.9523580748715,0.1475,0.84241866254106
-0.117689021429808,11.9255304364439,0.1475,0.838810783628981
-8.5017017719367,12.0445821032933,0.1475,0.826281974994273
-7.22609181531199,12.0455925657346,0.1475,0.823229271981618
-0.0678875852091572,11.9665133441424,0.1475,0.84388213900862
-0.716146453888621,11.9815846129545,0.1475,0.841525087698334
-0.0646766854152941,11.9789237076545,0.1475,0.843318444462683
0.0533441832048538,11.973137198611,0.1475,0.844182038112577
1.0487233889065,11.9872689202074,0.1475,0.839374947916407
-2.83006431652867,11.9844456161326,0.1475,0.839250711861381
1.5680226327525,11.9899438391123,0.1475,0.840027074096671
-0.0565251689866134,11.9409348020638,0.1475,0.840941299357563
-7.46023494084116,12.0517308774494,0.1475,0.81247446546442
-7.46023494084116,12.0514275499146,0.1475,0.813021479834012
-7.46023494084116,12.0501749200631,0.1475,0.815280897041365
-7.48492925489612,12.0545429688731,0.1475,0.80740282492643
-7.40062933766383,12.0478254068767,0.1475,0.819440145494329
0.107122251610371,11.9770791299215,0.1475,0.844127382138029
0.107122251610371,11.9778976768134,0.1475,0.843885309477525
1.85571911705262,11.9922828061159,0.1475,0.840589401935378
-7.47876055597065,12.0564524492256,0.1475,0.80395956337709
-7.48035347913125,12.0526925920162,0.1475,0.810739842187264
2.02753551874101,11.9974478840101,0.1475,0.841810901912887
-7.14809635486596,12.057708627016,0.1475,0.801818849893833
-7.14809635486596,12.0582570237839,0.1475,0.800997923895154
-7.14809635486596,12.0592660424103,0.1475,0.799278207699264
1.96229662926057,12.0021902590643,0.1475,0.842917106044436
-6.65034432172603,12.0609642304522,0.1475,0.796786207400696
1.96781392038297,12.0082691274891,0.1475,0.844308752579976
-9.61998210794782,12.8669822426794,0.1475,1.23120739673921
-6.51801264130584,12.0623449903348,0.1475,0.795072056238281
1.49129654323513,12.0339714519701,0.1475,0.849707750571781
1.57376673917044,12.0288198302997,0.1475,0.848701663185756
1.67851611342936,12.025249138083,0.1475,0.847974657537993
1.67851611342936,12.0217179378337,0.1475,0.84723917491453
1.67851611342936,12.0158619829579,0.1475,0.846001108664244
-7.76105982641137,12.0417170061239,0.1475,0.848559432921386
-9.37162373332611,12.8509612215342,0.1475,1.22466793747195
-5.58867606763927,12.0633581681087,0.1475,0.79411480348625
1.71319065190512,12.0407236347734,0.1475,0.850971839156081
1.71319065190512,12.0393515500202,0.1475,0.850716147588144
1.71319065190512,12.0373294526552,0.1475,0.850338940537015
-5.77234842400048,12.0412514646873,0.1475,0.850435752396019
-9.08479781452853,12.835424847483,0.1475,1.21820703155568
-1.0688347776725,12.0656587908025,0.1475,0.793424562191455
-8.79448779532485,12.8194591497083,0.1475,1.21146308218728
0.0267395730792558,12.0687313130401,0.1475,0.793169987557568
-8.55311599774873,12.8039233450874,0.1475,1.20479767461533
0.462226321178538,12.0717360069873,0.1475,0.793259827616213
-8.27645516546028,12.7888355518714,0.1475,1.19822504382575
4.39687091725982,12.0748014954372,0.1475,0.794217453755638
-7.99948209711292,12.773716125568,0.1475,1.19154874839352
4.39655920342559,12.0782230419419,0.1475,0.796313933595701
-7.77005030508138,12.7581551538884,0.1475,1.18455410022815
4.38512864434283,12.0827135182361,0.1475,0.799065229948042
-7.43828492130644,12.7423416320203,0.1475,1.17734286803483
4.35669360222079,12.0871441492872,0.1475,0.801779301967055
-7.12293705144806,12.7267805134627,0.1475,1.17017240030648
4.32457566651012,12.0918560098731,0.1475,0.804665223849591
-6.87808877310037,12.7110411950115,0.1475,1.16278744916774
4.27595364867382,12.0980873254594,0.1475,0.808482886616977
4.27595364867382,12.0974199330034,0.1475,0.808073896486921
4.27595364867382,12.0958591492952,0.1475,0.807117592803161
-6.5642538171661,12.6954837796357,0.1475,1.15536665092692
4.23301410451882,12.1006688428624,0.1475,0.810064194030966
-6.18694154948881,12.6798276007785,0.1475,1.14780141627689
4.1443468803824,12.1068611449579,0.1475,0.813857173844579
-5.82232321592682,12.6642767588877,0.1475,1.14020692141865
4.0410195366038,12.1142658027368,0.1475,0.818393336656524
-5.57597636147433,12.6486897076935,0.1475,1.13249358810355
3.96548381472272,12.1207234894913,0.1475,0.822351575316935
3.87337047999658,12.1308556113858,0.1475,0.828562455173229
-5.22671551597193,12.6331351674463,0.1475,1.12464348283073
3.8719898001274,12.1291698490615,0.1475,0.827529663156764
3.8719898001274,12.1263059207937,0.1475,0.825774007073031
3.53969915044332,12.1336112295718,0.1475,0.83023621115489
-4.72439111865523,12.6176554848735,0.1475,1.11671003159496
2.10788761476997,12.1363552093101,0.1475,0.831271596826538
-4.3015564669304,12.6020983913846,0.1475,1.10868300745156
2.60281849961122,12.1382257714809,0.1475,0.831626126669324
-4.02055892510912,12.5866416427129,0.1475,1.10070775842097
-10.2798562496651,12.1387144756797,0.1475,0.831563793166305
-3.74820453429916,12.5710827404462,0.1475,1.09257822264742
4.62489049287673,12.1410050922772,0.1475,0.832719423155375
-3.26180757168717,12.5557483924461,0.1475,1.08437458326544
4.90280836932461,12.1455927659814,0.1475,0.835621023015547
-2.72034679246293,12.5401825270865,0.1475,1.07592964799185
4.8849275468305,12.1480800979502,0.1475,0.837293008544362
-2.30458662736363,12.524898984931,0.1475,1.06761991796219
4.96473240579743,12.1497919492694,0.1475,0.838442495934254
-1.78848471053216,12.4968654935566,0.1475,1.05231956626108
-1.97207982248313,12.5093326224474,0.1475,1.05915641725886
5.11291057514549,12.1526646534915,0.1475,0.840369082091257
-1.52764294118577,12.489081869767,0.1475,1.04796833734322
5.33994116667184,12.1560909858238,0.1475,0.842661601256235
-0.967260659549213,12.4771316740151,0.1475,1.04118846168196
5.82128178420006,12.161744136953,0.1475,0.846436989115683
-0.451903218771537,12.46156762387,0.1475,1.03230094978644
6.44315757691804,12.1698320667923,0.1475,0.851821116574569
-0.0190138074287244,12.4464779595258,0.1475,1.0236740250766
7.2556943677594,12.1815735179526,0.1475,0.859597514914492
0.950264425496449,12.4159205077123,0.1475,1.00595823047009
0.399249548389813,12.4309133456033,0.1475,1.01472346040418
8.13753306074477,12.1977161544166,0.1475,0.87023232092497
1.88044718355415,12.3887294387666,0.1475,0.989845984427688
1.61956844374426,12.4003002081326,0.1475,0.996707857823497
8.19717426106198,12.2069119786934,0.1475,0.876273264347567
8.28011694869704,12.2139307677841,0.1475,0.88083431311102
2.63232055146942,12.3684844614442,0.1475,0.977789854647764
2.10808568166749,12.3809983418207,0.1475,0.985258706530191
6.87570723020373,12.2632161672908,0.1475,0.912538777429735
7.6245502234063,12.2438516827901,0.1475,0.900167917640311
8.01312486502838,12.2282690677161,0.1475,0.890129952020673
3.80302386598492,12.338105492713,0.1475,0.959307776234018
3.25245267067101,12.3529109639515,0.1475,0.968366283887978
5.72380175145894,12.2909167775234,0.1475,0.930034871195722
6.40082543465256,12.2753335730741,0.1475,0.920221697454845
7.12947344533847,12.255422972426,0.1475,0.907574017030267
4.4848578979609,12.3217909834482,0.1475,0.949269532162227
5.13390527148634,12.3056365246187,0.1475,0.939242872419477
-0.00840862895142637,12.6110979273239,0.1475,-0.0100267571069497
-0.00932684571541869,12.59551101852,0.1475,-0.0100205163588387
-0.0082692243440746,12.6266851289181,0.1475,-0.0100326893349
-0.430562576327165,12.5643487458843,0.1475,-0.00972543360472899
-0.300763712409131,12.5799270973143,0.1475,-0.009944545522632
-0.923932044767275,12.5020272914055,0.1475,-0.0080261538450432
-0.43063094651048,12.5487732377891,0.1475,-0.00943260151834569
-0.00468256829082872,12.7047144784807,0.1475,-0.0100548858658922
-0.00182624596464431,12.7203320702302,0.1475,-0.0100572841337555
-0.00170960726184397,12.7359523812652,0.1475,-0.0100586806461554
-0.00165275378376418,12.7515735042166,0.1475,-0.0100600148229472
-0.00162608477558448,12.7671950448037,0.1475,-0.0100613082196734
-0.00785225851771413,12.6422740080668,0.1475,-0.0100384711069963
-0.788625892125692,12.5176131628015,0.1475,-0.00862174848757651
-0.510246536204204,12.5331955673642,0.1475,-0.00908961457307145
0.000710131213173961,12.7828176195146,0.1475,-0.0100616453362468
0.000723857044813789,12.7984412232692,0.1475,-0.0100610350429719
0.000621706584324545,12.8140648415969,0.1475,-0.0100604272533555
-0.00537601470487894,12.6578741596737,0.1475,-0.0100432966545111
-0.00526289381663826,12.6734859933732,0.1475,-0.0100472804821234
-0.00520661438124827,12.6890998889849,0.1475,-0.0100512277387046
0.000775665319757622,12.8296884824236,0.1475,-0.0100597533347011
0.00298568656580546,12.845312404388,0.1475,-0.0100581458399868
0.00296350034159703,12.860936594366,0.1475,-0.0100556740364485
0.00294242184297679,12.8765607843443,0.1475,-0.0100532022328907
0.00311396902837098,12.8921849716593,0.1475,-0.0100506027224941
0.00659268235585158,12.9078091448542,0.1475,-0.0100463372715696
0.00629356639540075,12.9234334388236,0.1475,-0.0100407383839851
0.00625280823456975,12.9390578650242,0.1475,-0.0100353442934392
0.00624552170030992,12.9546822909006,0.1475,-0.0100299314866382
0.00820763016793511,12.9703067014223,0.1475,-0.0100236325110851
0.00806078727221165,12.9859310973334,0.1475,-0.010016469527717
0.00783332842042541,13.0015554944459,0.1475,-0.0100093164052333
0.00780518105610101,13.0171798905736,0.1475,-0.0100021587289251
0.011098122471429,13.0328043291329,0.1475,-0.00999360608163743
0.0110151284305736,13.0484288180249,0.1475,-0.00998370378434464
0.0109424724949149,13.0640533131233,0.1475,-0.00997383646155103
0.0109225670369379,13.0796778072106,0.1475,-0.00996395579846062
0.0125746204393032,13.0953022399643,0.1475,-0.00995328616399026
0.0125188206506966,13.1109266124675,0.1475,-0.0099418415219883
0.012512754913646,13.1265509898265,0.1475,-0.0099303562115766
0.012818588453895,13.1421753993805,0.1475,-0.00991858530764864
0.0156841864009851,13.1577998502801,0.1475,-0.0099051377551799
0.0150152936847325,13.1734243079339,0.1475,-0.00989070728444662
0.014919645574602,13.1890487577267,0.1475,-0.00987676327630502
0.014970011690472,13.2046732093658,0.1475,-0.00986277399983626
0.0178706560185711,13.2202977097992,0.1475,-0.00984719435764492
0.0173914514066395,13.2359222729736,0.1475,-0.00983028243310069
0.0169159255029935,13.2515468885091,0.1475,-0.0098139296896795
0.0168719490949627,13.2671715400041,0.1475,-0.00979796096976079
0.0190007742194192,13.2827960984316,0.1475,-0.00978097035926108
0.0191218007846882,13.2984205557488,0.1475,-0.00976286954785039
0.0190420407713435,13.3140450076137,0.1475,-0.00974471346294174
0.0190524230362688,13.3296694611362,0.1475,-0.00972654622163041
0.0219023052150493,13.3452938575519,0.1475,-0.00970695924074427
0.021711605518006,13.360918198062,0.1475,-0.00968600227815082
0.0214667801715513,13.376542539219,0.1475,-0.0096650587500612
0.0219518578991981,13.3921668823908,0.1475,-0.00964377710073805
0.0240341263044131,13.4077913018422,0.1475,-0.00962116937293818
0.0231886473100507,13.4234158333075,0.1475,-0.00959819585148583
0.0231494036911569,13.4390404021491,0.1475,-0.00957583719343452
0.0236578828118638,13.4546649592561,0.1475,-0.00955318818040371
0.0262093678284043,13.4702894559761,0.1475,-0.00952904279783035
0.0261934846896141,13.4859139041177,0.1475,-0.00950368710861175
0.0267547415931786,13.5015383598436,0.1475,-0.00947778973418911
0.49991300926626,14.4387887544856,0.1475,-0.00607957741100807
0.0272424640886594,13.5171628231966,0.1475,-0.00945133608491065
0.498392514904596,14.4231890369041,0.1475,-0.00640593045355663
0.0274025302753069,13.5327872741829,0.1475,-0.00942482032211801
0.500023435776485,14.4075893191217,0.1475,-0.00673228425861236
0.027403688718906,13.5484117126805,0.1475,-0.00939826186216696
0.178068659269598,14.3919880051912,0.1475,-0.00695567686734268
0.0276512339866232,13.5640361667781,0.1475,-0.00937147944862033
0.147328282956863,14.3763850920433,0.1475,-0.00706613208231494
0.0279865009979562,13.5796606435168,0.1475,-0.0093443722827435
0.144834266398279,14.3607821757434,0.1475,-0.00716661142679723
0.0308636622564932,13.5952850906042,0.1475,-0.00931586458684192
0.0310802915827969,13.6265339011914,0.1475,-0.00925589180982932
0.128285488879125,14.3451785440831,0.1475,-0.00726254268714467
0.0310576353507844,13.610909497602,0.1475,-0.00928593786379368
0.0304717062742384,13.6421583014701,0.1475,-0.00922588364026065
0.0739657875616247,14.3295703896519,0.1475,-0.00733539182260586
0.0336852987155738,13.6577827265243,0.1475,-0.00919398696327881
0.0755432884768118,14.3139579176391,0.1475,-0.00739026636373773
0.0320357219514083,13.6734072258055,0.1475,-0.00916159271615813
0.0753738410858069,14.2983449351553,0.1475,-0.00744572706781733
0.0319731570531918,13.689031774613,0.1475,-0.00913073238182658
0.0736554619325047,14.2827314190101,0.1475,-0.00750093661101326
0.0329377027002283,13.7046563092472,0.1475,-0.0090994464035116
0.0683759928997284,14.2671143155244,0.1475,-0.00755427760195712
0.0360851675348592,13.7202807807069,0.1475,-0.00906625095706377
0.0681263331096045,14.251494151887,0.1475,-0.00760604600728326
0.0361544484779607,13.7359052065516,0.1475,-0.00903167677758556
0.0685368729660259,14.2358739696884,0.1475,-0.00765786881748799
0.036145639358961,13.7515296586479,0.1475,-0.00899718549698504
0.0670289865175193,14.2202535070179,0.1475,-0.00770958880268902
0.0363916713267023,13.7671541468926,0.1475,-0.00896259901772875
0.0627875983212041,14.2046316855524,0.1475,-0.00776078209259944
0.0387953597891517,13.7827786800328,0.1475,-0.00892652760840994
0.0620993442458767,14.1890087733921,0.1475,-0.00781158774544189
0.0378360404803212,13.7984032517884,0.1475,-0.00888956442333587
0.0614515674602879,14.1733858612304,0.1475,-0.00786239334203203
0.0371106659611243,13.8140278336351,0.1475,-0.00885378622370448
0.0603389365574086,14.1577629196358,0.1475,-0.00791308913073714
0.0373798521385219,13.8296524197697,0.1475,-0.00881866153198703
0.0570236138238302,14.1421396052129,0.1475,-0.00796254566002253
0.0422246432543727,13.8452769620762,0.1475,-0.00878120299128085
0.055939427738907,14.1265158036403,0.1475,-0.00801043781324054
0.0420090244267177,13.8609014617097,0.1475,-0.00874154038814596
0.0554313084759209,14.1108918583138,0.1475,-0.00805789504071801
0.040939520365123,13.8765259333348,0.1475,-0.00870246210850704
0.0559043645641665,14.0952679115468,0.1475,-0.00810541864691549
0.0405771615563823,13.8921503547352,0.1475,-0.00866444681317091
0.0538846652619624,14.0796438876564,0.1475,-0.00815274212374148
0.0443555420089146,13.907774797785,0.1475,-0.00862528645191352
0.052108789952973,14.0640196448576,0.1475,-0.00819878939645723
0.045165565559515,13.9233992935643,0.1475,-0.00858420340048942
0.0517109066889176,14.0483952588336,0.1475,-0.00824382700248844
0.0451090749062065,13.9390237963499,0.1475,-0.00854308736782654
0.0511883770580498,14.0327708726549,0.1475,-0.00828877162273739
0.0449846902330182,13.9546482977076,0.1475,-0.00850240801411844
0.0487764633582165,14.0171464667284,0.1475,-0.00833292300624059
0.0469903876188466,13.9702728273025,0.1475,-0.00846106075681763
0.0479484132255923,14.0015219671064,0.1475,-0.00837597671565555
0.0476415649317161,13.9858973933819,0.1475,-0.00841863300194575
5.26577841339794,15.0360832501872,0.1475,1.24951884032488
5.44509715786968,15.0446771192167,0.1475,1.24739343577435
5.65462566859941,15.0600686573534,0.1475,1.24338529054257
5.80467318291162,15.0715285265591,0.1475,1.24018908021364
5.78704708349134,15.0792310491276,0.1475,1.23789767298894
5.85103900764456,15.0868511866651,0.1475,1.23552149704494
5.78152658741458,15.0943488078012,0.1475,1.2330480767215
5.69887436586194,15.1016567305087,0.1475,1.23049581220949
5.42746745934549,15.1078956131909,0.1475,1.22817348726676
10.5813074817228,15.1141395371575,0.1475,1.22474983952254
7.70813819656035,15.1122461542686,0.1475,1.22610301963254
10.9692091363897,15.1150726495494,0.1475,1.22331856731615
11.9107830599362,15.1161506967943,0.1475,1.220885868961
12.1280069842743,15.1162822253193,0.1475,1.2183966203298
6.70878322143934,15.1139569082123,0.1475,1.21519144478867
9.32667413872506,15.1153875354461,0.1475,1.21647837573146
5.01986226499345,15.1074279186871,0.1475,1.21175307025046
3.96013326912204,15.0942366097701,0.1475,1.20641157665326
5.61512687161076,15.1118326064089,0.1475,1.21393902123294
3.59116176425766,15.0868659683476,0.1475,1.20391402517504
2.06105888961218,15.046451569845,0.1475,1.19395204781468
2.72001002007775,15.0614320041508,0.1475,1.19697180792587
4.3500205909611,15.1011416073073,0.1475,1.20900964507277
3.23525126698524,15.0751659028896,0.1475,1.20047433918457
3.23525126698524,15.0824690907191,0.1475,1.20252026005653
1.81779400714765,15.0307109576335,0.1475,1.1913917455709
1.80674412338091,15.0150707906859,0.1475,1.1889998589077
8.90985688502469,15.0143188445191,0.1475,1.17967913546399
9.02540577601192,15.0359483469621,0.1475,1.15419152532957
8.97013104850406,15.0271833940566,0.1475,1.16459194766366
9.1121191165459,15.0505379144148,0.1475,1.1366494046625
9.06946518043083,15.0427022546699,0.1475,1.14609204512554
9.17556891904516,15.057436028431,0.1475,1.12827478646012
9.21912141844768,15.0637895196471,0.1475,1.12048929351203
9.31503251864309,15.0716430006331,0.1475,1.11077959091329
9.3476577526515,15.0778540736886,0.1475,1.1030556503715
9.43366250396206,15.0857699618618,0.1475,1.09311053272988
9.60679490888697,15.0983363397259,0.1475,1.07700016693092
9.68976157455173,15.1108214916376,0.1475,1.06069771826076
9.65921031850863,15.1052729798799,0.1475,1.06795230535353
9.74108871490983,15.1193634623656,0.1475,1.04949627400347
9.81768128179317,15.1251501502797,0.1475,1.04183367776568
9.84367679039714,15.1331664351246,0.1475,1.03113301744126
9.90764768642943,15.1451960672644,0.1475,1.01500762669144
10.0033614638612,15.1519644169159,0.1475,1.00588032142868
10.0183622993641,15.1572446185954,0.1475,0.998592636652273
10.0454929338189,15.1657087361546,0.1475,0.986890995988264
10.0432272331248,15.1712614111787,0.1475,0.979180668589665
10.0942710016156,15.178802212045,0.1475,0.968554834617458
10.1476292465317,15.1897265170978,0.1475,0.952963154998345
10.1795173158478,15.1977746449128,0.1475,0.941278402575191
10.1742845636408,15.2029461702534,0.1475,0.93365459742447
10.1642193344447,15.2106726357997,0.1475,0.922203958219525
10.0549374808476,15.2377720294059,0.1475,0.881104796900506
10.0866446380013,15.2309006194406,0.1475,0.891702786750061
10.0866446380013,15.2283327507614,0.1475,0.895604542548955
10.1445188673274,15.2211269743989,0.1475,0.906531494398093
10.0459785586567,15.2393674932982,0.1475,0.878632834721071
10.0459785586567,15.2401144165908,0.1475,0.877475379529033
10.0459785586567,15.2410566041827,0.1475,0.876013264112896
10.0811679326206,15.2339203388791,0.1475,0.887058311477855
10.0443867065229,15.242499680006,0.1475,0.873760317638842
10.0372820203956,15.2437355255281,0.1475,0.871828932296964
9.97047523790256,15.2456707445487,0.1475,0.868882262036321
8.76777762327596,15.2510380357304,0.1475,0.862566611132279
5.38825790859995,15.2574219012451,0.1475,0.857548472000072
5.67249088045239,15.2620249717575,0.1475,0.855370947101975
6.18444311378598,15.2656809229628,0.1475,0.85352304018252
7.46488824975683,15.2708891900443,0.1475,0.850276775316762
8.54280962690895,15.2780642632978,0.1475,0.844780982307811
9.00953284764904,15.2859579249389,0.1475,0.83754647079542
9.18583386350621,15.3003167740581,0.1475,0.823117735893536
9.07281585273864,15.2929479177524,0.1475,0.830661182969372
9.23642043860847,15.3079212539359,0.1475,0.815170638578591
9.33553982134746,15.3150159575281,0.1475,0.807520798527572
9.51917076105947,15.3293236024603,0.1475,0.791395290484059
9.40408698565862,15.3226712086866,0.1475,0.799052951969512
9.51238752766026,15.3380786651686,0.1475,0.780899373488155
9.58977928244652,15.3504000127745,0.1475,0.765547162798211
9.6255540070292,15.3625755937316,0.1475,0.749481252554366
9.6301481805175,15.3701530578932,0.1475,0.739071628431446
9.59696794589198,15.3755346911871,0.1475,0.731465100767077
9.64859213481089,15.3836271469271,0.1475,0.719346739398607
9.64597943380762,15.393264221741,0.1475,0.704198466425177
9.73747525502708,15.400446882344,0.1475,0.692273626555571
9.80246875203785,15.4044407157746,0.1475,0.684823319184483
9.71468707150949,15.4103811673968,0.1475,0.673304087114684
9.81845214445191,15.4150360642126,0.1475,0.664210008655907
9.73658020068652,15.4184202672794,0.1475,0.65737756210616
9.93783100446322,15.4243305357353,0.1475,0.643981804178547
9.95989013928263,15.4301690030552,0.1475,0.62912555086837
10.1723011238458,15.4358810746471,0.1475,0.614251905837935
10.5252034867029,15.4397733805345,0.1475,0.59926854798692
10.6802546523423,15.4417138322834,0.1475,0.584304273831267
10.9449400079443,15.4434137700486,0.1475,0.56932140822586
11.2216232578229,15.44410339676,0.1475,0.554153521907524
11.4409372650103,15.4436497236995,0.1475,0.538724855020652
11.643320549345,15.4426522758033,0.1475,0.52237323462526
11.8544842340715,15.4378270125231,0.1475,0.468934051016344
0.752109836581157,15.4475411869047,0.1475,0.46362531868313
11.8097738380145,15.4412222318539,0.1475,0.504700543242993
11.8448085473961,15.4393744241953,0.1475,0.484613843010182
1.05108160821551,15.4668853187037,0.1475,0.462187171658131
1.27476954247902,15.4838967211438,0.1475,0.460557399096694
1.70895079236943,15.4991789358624,0.1475,0.458682170762317
2.41606752127216,15.5103175361936,0.1475,0.45688705231781
2.92121057816284,15.5175047871828,0.1475,0.455288122522495
3.57356462200699,15.5244509973101,0.1475,0.453393077304824
4.09352741081737,15.5311925555208,0.1475,0.451189626083276
4.82190739031073,15.5366795301286,0.1475,0.44907853096277
5.95254617643698,15.5390061426486,0.1475,0.448060122358005
8.09517826418739,15.5410690230356,0.1475,0.446323042718795
9.02891725728015,15.4950408277448,0.1475,0.369398645267406
2.63184841045878,15.4986641502444,0.1475,0.371755611586309
11.2492207471633,15.5437301460366,0.1475,0.442835573799873
12.0223544940494,15.5448264170207,0.1475,0.438299376205842
13.1714311807413,15.4928514214412,0.1475,0.36595513863952
1.47902635853802,15.5017127534839,0.1475,0.372243975582132
1.47902635853802,15.5035293866818,0.1475,0.372449095339791
1.47902635853802,15.5041065021632,0.1475,0.372514194068447
12.1493268664488,15.5455679165269,0.1475,0.432132689142352
12.2406343759604,15.5462834902211,0.1475,0.424926356204868
13.1461344809764,15.4931286228977,0.1475,0.360360056071004
13.1461344809764,15.4929062889147,0.1475,0.363051410350113
13.1461344809764,15.493064146347,0.1475,0.361141516005437
1.47710696129931,15.5064256221659,0.1475,0.372775475901887
12.34007929977,15.5469330206435,0.1475,0.417357134190369
12.4171763833298,15.5475039338316,0.1475,0.40971430096939
13.1415250330615,15.4933397618424,0.1475,0.357840327624726
1.47849207306261,15.5125278839729,0.1475,0.373462883075743
1.47849207306261,15.5087324794848,0.1475,0.373035310211709
12.4926058896079,15.5478223726812,0.1475,0.405120709579848
13.1348679102806,15.4936777433269,0.1475,0.353806793872991
1.47784674131415,15.5197902622411,0.1475,0.374280461982439
1.49748284604747,15.5342635594194,0.1475,0.375910460352259
12.5079389083547,15.548040405901,0.1475,0.401355773164725
12.5848889250126,15.5483780595688,0.1475,0.394877040647137
13.1181466344238,15.4941902643459,0.1475,0.347634337731867
12.7838601738845,15.5483724906124,0.1475,0.384086809550342
2.29048429406071,15.5398647271544,0.1475,0.376687184251857
1.48181111456617,15.527323235469,0.1475,0.375128030195225
12.7096056271313,15.5486063598958,0.1475,0.388719614396136
13.0970809415994,15.4948728217962,0.1475,0.33938397235834
6.08556944616953,15.5441102887427,0.1475,0.378004784780531
11.069872079273,15.5469983028709,0.1475,0.380520206835865
13.0775049998492,15.4955223724029,0.1475,0.331522050251463
13.0778786641758,15.4964850357227,0.1475,0.319863434649916
13.0941419262846,15.4977791352531,0.1475,0.304183331074994
13.1255007306795,15.4990773451848,0.1475,0.288453056807696
13.1595233588776,15.500369090882,0.1475,0.272826133864912
13.1781381822814,15.5016596696427,0.1475,0.257199721701666
13.1753598342951,15.5029473057513,0.1475,0.241626134151806
13.0836580498663,15.5056622152736,0.1475,0.208822282589015
13.1236744787549,15.5045454256612,0.1475,0.222321456869824
13.1449177777278,15.5039208675371,0.1475,0.229875422854393
13.0784358558609,15.5060004031978,0.1475,0.204741617671045
13.1041344557859,15.5051706790036,0.1475,0.214760851067768
13.0663194784917,15.5062719106468,0.1475,0.201459539844588
12.953283559365,15.5065974640501,0.1475,0.198806442784797
12.9023706243921,15.5070173246239,0.1475,0.196189571065223
5.95684322348239,15.5090038272798,0.1475,0.194158105313087
4.91599471307631,15.5122539599779,0.1475,0.192647121802802
0.746417144309159,15.5149043438229,0.1475,0.191992079952221
0.74010589563503,15.518255776909,0.1475,0.191801548585872
0.73637222502332,15.5224672208813,0.1475,0.191563277397821
0.736740658355888,15.5282640052299,0.1475,0.191235443226871
0.772237770953969,15.5347815518257,0.1475,0.190861167350922
2.00669640036782,15.5398466510833,0.1475,0.190361199809961
10.5906453130277,15.5462249241308,0.1475,0.187076944755848
7.87598805956482,15.5439759453308,0.1475,0.188801083222889
11.6875900156006,15.5478387826792,0.1475,0.184552070338493
13.5416323211518,15.5492715137936,0.1475,0.180658408153036
13.3150015277958,15.5485445958144,0.1475,0.17129711706516
13.4996896228943,15.5492371837807,0.1475,0.176268731394501
13.2951194102083,15.5479946166109,0.1475,0.168211573996243
13.1694138490773,15.547058278546,0.1475,0.163999295824344
13.0710927394248,15.5453007990449,0.1475,0.156919039968837
12.9727508766192,15.5432290278738,0.1475,0.149898663315789
12.8672496048601,15.5409818787668,0.1475,0.143380104699548
11.9411042680094,15.5384493317839,0.1475,0.137949721031564
8.60018769299162,15.5344342162069,0.1475,0.133594254574902
6.74432993669929,15.5287041852772,0.1475,0.130023661426659
7.09522468096083,15.5316529637499,0.1475,0.131564433183827
5.07628709415848,15.5069736290391,0.1475,0.121045542885443
5.6051729346827,15.5139499101061,0.1475,0.123471744573044
5.80839044817661,15.5173023559209,0.1475,0.12477039255628
6.33519801598454,15.5225046767916,0.1475,0.127030686457739
4.79995199174286,15.50482794431,0.1475,0.120365192064964
4.99527552839013,15.5085926735227,0.1475,0.121573069023502
5.33296396635891,15.5107674793412,0.1475,0.122317495457388
4.70560068284932,15.5005902674898,0.1475,0.119087886601978
4.83170745164538,15.503048270765,0.1475,0.119820159657833
4.36932951601967,15.4944423908727,0.1475,0.117310028047411
4.36932951601967,15.4934366985274,0.1475,0.117036070200352
4.36932951601967,15.4920774835217,0.1475,0.116681184266094
4.65038996070676,15.4968831935889,0.1475,0.118007802047228
3.89457864585205,15.4711226752006,0.1475,0.11170063309219
3.39943711778113,15.4730809497436,0.1475,0.112117672698949
3.99457356137123,15.4750549194214,0.1475,0.112535456955815
3.83215624887826,15.4769617031207,0.1475,0.112964843400521
3.83162222768086,15.4788381619239,0.1475,0.113384352143619
4.1830879061064,15.4869409740172,0.1475,0.115304187089841
4.1830879061064,15.4861553445943,0.1475,0.115068441732824
4.1830879061064,15.4847151959279,0.1475,0.114706675529793
4.1830879061064,15.4836492060063,0.1475,0.114509188571729
4.46507979842879,15.4907244659206,0.1475,0.116324711066616
4.46507979842879,15.4898035372258,0.1475,0.116059423005675
4.46507979842879,15.488350633972,0.1475,0.115674189181797
4.27918845359522,15.4807616975766,0.1475,0.113850334931191
4.04980058285349,15.482674482226,0.1475,0.114327348469519
3.91470478371433,15.4691942515966,0.1475,0.111260803633501
4.10648478707067,15.4565436971852,0.1475,0.10860083387384
3.786388651752,15.4613940766644,0.1475,0.109613948298307
3.99488314865657,15.4633106373097,0.1475,0.110016742000468
3.42207038485263,15.465284307548,0.1475,0.110413075789553
3.93772329123493,15.4672596660196,0.1475,0.110824896640281
3.09923985467644,15.4377976561586,0.1475,0.104862183360242
3.06663803323478,15.449696212935,0.1475,0.107295292042034
3.02944474703008,15.453822732463,0.1475,0.108069930189543
3.83389869946915,15.4363221844546,0.1475,0.104540049850088
4.20621248499659,15.4576099314815,0.1475,0.108801123413026
4.75849391894671,15.4595068754191,0.1475,0.109198036494185
3.4070978714445,15.4556013322453,0.1475,0.108408177350177
2.94836190747356,15.4387644846412,0.1475,0.105036789084487
3.77618942779356,15.440210692919,0.1475,0.105345059039725
3.15169889266821,15.4421542705114,0.1475,0.105750711068958
3.76541254001064,15.444102333499,0.1475,0.106160484776273
3.654257233088,15.4460695442824,0.1475,0.106618304259334
2.94575511772469,15.4480063117926,0.1475,0.107005685784818
2.90933867390884,15.4506541537479,0.1475,0.107461720372647
3.26664062589246,15.4518637052521,0.1475,0.107699068165901
3.41731597051064,15.4343596699577,0.1475,0.10410508177332
5.29201113861528,15.4065747477452,0.1475,0.0979533614807493
1.64924917692106,15.4031073385978,0.1475,0.0973193770691265
0.61573701620128,15.4050373444259,0.1475,0.0975100041024331
7.02667751932457,15.4275933459322,0.1475,0.102813410304694
2.58141568640257,15.4285937004859,0.1475,0.103058544139627
1.55111748482618,15.4304474243783,0.1475,0.103305550069084
4.64295762266107,15.4324006084702,0.1475,0.103651252198478
1.33775312853929,15.4075530491709,0.1475,0.0984029089744096
1.50566106469371,15.4089592614497,0.1475,0.0985448598430512
2.37255111205228,15.4148342791516,0.1475,0.0994044689499091
10.2723411588448,15.4164982239518,0.1475,0.100195123000331
1.99235321383735,15.4012137484374,0.1475,0.0969681623437459
2.82057319125818,15.381828433311,0.1475,0.0918058782131577
1.51797434253431,15.3838274595081,0.1475,0.0923617204646695
2.01661462866612,15.3722863931656,0.1475,0.0886955830723545
0.30634706730645,15.4268971218482,0.1475,0.102696123582342
0.933880079584283,15.4109617898444,0.1475,0.0987343852331098
2.73883991387769,15.4129255635528,0.1475,0.09902952535905
1.36150927464964,15.4175021565651,0.1475,0.100842201670759
5.30572743777901,15.4002418747467,0.1475,0.0967528830922611
1.92689819384087,15.3780417155414,0.1475,0.0905058947261274
2.23888900451063,15.3799587439313,0.1475,0.0910568479115521
1.74064991987686,15.3827925272565,0.1475,0.092266684896119
1.37344345021896,15.3857889216145,0.1475,0.0925595199871998
6.0223512721901,15.3896668045331,0.1475,0.0934622830186454
2.04339303824236,15.370364067352,0.1475,0.0879539538430059
2.28375166703176,15.3734166907772,0.1475,0.0891430237152985
2.33872869350126,15.422598770669,0.1475,0.101528549919571
4.87547119048524,15.4245197809583,0.1475,0.102066358046169
3.45758006465513,15.4259057461747,0.1475,0.102568131849029
2.58408560839528,15.4187590208289,0.1475,0.101024470009144
1.82914885191008,15.4206830035263,0.1475,0.10128385632645
2.90816047207425,15.3915666585948,0.1475,0.0943213958598648
2.747867059764,15.393348279495,0.1475,0.0949948657596495
0.968358669699266,15.3954421055578,0.1475,0.0953846857036366
2.31240467473097,15.397364979191,0.1475,0.0956061810335774
4.7690426314637,15.3992552934954,0.1475,0.0962688273672788
2.13663758688602,15.3761252287786,0.1475,0.0899680970826165
1.28343640352189,15.3877467079225,0.1475,0.0927973085412914
2.35419019718841,15.3684368288594,0.1475,0.0872202052356604
3.01070465477241,15.3743719440416,0.1475,0.0894525916574503
1.89081875216386,15.3642598071291,0.1475,0.0854706142549987
1.89081875216386,15.3666234107435,0.1475,0.0865097584662603
1.89081875216386,15.3653246437656,0.1475,0.0859380544663753
1.20888748579722,15.3943145138085,0.1475,0.0953526782528623
2.39753612984878,15.3674205556868,0.1475,0.0868433702183917
1.81340058526622,15.3611767016978,0.1475,0.0841784919696727
1.81340058526622,15.3632635884636,0.1475,0.0850425578500692
1.81340058526622,15.3625520584065,0.1475,0.0845984939495311
0.63640224333361,15.3389836281977,0.1475,0.0816109492459524
0.493134262411083,15.3531050797793,0.1475,0.0829363565769809
1.2921803449887,15.3581621101869,0.1475,0.0836309558082164
0.530588507167998,14.4543884523827,0.1475,-0.00574051229503185
0.860280521848464,15.3233285326076,0.1475,0.0795996735180091
0.545436500813735,15.3212627245654,0.1475,0.0793506807167161
0.727526135581298,15.3256797627521,0.1475,0.0799741332913496
1.03427565116963,15.3309855998297,0.1475,0.080589686758087
0.401894206559465,15.3428899890484,0.1475,0.0819449486584235
0.780375279394144,15.3350125891182,0.1475,0.0811351164026931
0.535015472054842,15.3467430458703,0.1475,0.0822361127659762
0.602248665656399,15.3505706301791,0.1475,0.0826397869194434
1.48791273280385,15.3549015489186,0.1475,0.0830856950355317
1.48791273280385,15.356220939781,0.1475,0.0832407786843614
1.48791273280385,15.3561147961753,0.1475,0.083192184743912
0.592618080734787,14.4699889257206,0.1475,-0.00537399770698395
1.03600251327767,15.3197167376043,0.1475,0.0791625946026098
1.08320670272095,15.3176607669752,0.1475,0.0788283190732561
1.14811471318762,15.3277231514366,0.1475,0.0801960275953448
0.594731943056772,14.4855901878276,0.1475,-0.00499276454539398
1.17722016501214,15.3162808821435,0.1475,0.0786417709778772
0.596934330747869,14.5011914260102,0.1475,-0.00461160192463927
0.977210015950722,15.3131386001872,0.1475,0.0778861953744697
0.977210015950722,15.3147279290267,0.1475,0.0782056029484478
0.977210015950722,15.3158485993303,0.1475,0.0785661965940869
0.654153096013652,14.5167955713028,0.1475,-0.00420857089882515
1.26146797869261,15.2933601444845,0.1475,0.0746343392051364
1.15989172694701,15.2957699069419,0.1475,0.0749549755760627
0.921566751633835,15.3073437448085,0.1475,0.0771961344816398
1.11909648877307,15.3083208731283,0.1475,0.0773421394598509
1.22315837206989,15.3095809358824,0.1475,0.0774634102577977
1.45404517399657,15.3115750055603,0.1475,0.0777323416456808
0.706693444978313,14.5324017035677,0.1475,-0.0037762713898736
1.92642376421411,15.2918723867366,0.1475,0.0743206933579824
0.836590646876143,15.2945825698695,0.1475,0.0747875404390216
0.836590646876143,15.2941290484404,0.1475,0.0747408898642768
1.31372044584698,15.2977025540747,0.1475,0.0752670938175044
1.72631301169484,15.2994319052964,0.1475,0.0756809461518735
1.85704362689257,15.3056307942768,0.1475,0.07678300159854
0.719243567984881,14.5480460564439,0.1475,-0.00333020927651131
4.40187204462902,15.1932697816241,0.1475,0.0532345115755977
1.72577269733726,15.2893890402296,0.1475,0.07377530757589
1.31978018805877,15.285367341314,0.1475,0.0730872860696838
1.69107696304455,15.2903460481004,0.1475,0.0739740375369156
1.79274000026607,15.3004264032447,0.1475,0.0759463065500068
2.65258805938208,15.3036498680489,0.1475,0.0762564248074999
0.724702270146917,14.5636843663869,0.1475,-0.00287903662023621
3.85566357410164,15.1952356071081,0.1475,0.0538369532628464
3.32783117076839,15.1975024839539,0.1475,0.0542222919674464
3.67384558555827,15.201432103858,0.1475,0.0549455094173857
3.55975299186572,15.1896892379222,0.1475,0.0522971072876173
3.59908775536284,15.2084129728528,0.1475,0.0564555074565239
0.678670416690158,15.2643586331589,0.1475,0.069352130076779
-1.60714783461798,15.2665539621972,0.1475,0.0693879556060964
1.29262413257038,15.2835240432137,0.1475,0.0727681821327145
1.51635650191374,15.2872432366382,0.1475,0.0734004295681816
1.36596902055467,15.3016730738385,0.1475,0.0759973243329496
0.772558580846487,14.5792762982579,0.1475,-0.00241632154335009
3.10331491714767,15.2053854874223,0.1475,0.0557421872578008
4.13893540188325,15.1858064013169,0.1475,0.051485839370404
3.50827856266675,15.210837668832,0.1475,0.0570407074006083
3.50827856266675,15.2098768429921,0.1475,0.0568534155222803
3.90697368295958,15.261006964773,0.1475,0.0687140961902768
2.79524759743577,15.2620347670734,0.1475,0.0691120621547001
2.98469653907704,15.279805332589,0.1475,0.0719485902905362
3.00342446797969,15.2686546032186,0.1475,0.069805665066675
2.16377323760468,15.2817236696899,0.1475,0.0724538013341504
0.866460201020145,14.5948653622774,0.1475,-0.00191288185293517
4.10743531992489,15.1819252993968,0.1475,0.0506837470716362
4.33446022792874,15.1762323485311,0.1475,0.0495024983013226
4.51937156096063,15.1741864186994,0.1475,0.0489221595812794
4.03967365619345,15.2133133537022,0.1475,0.0575781714963466
2.50347783190737,15.2366968331648,0.1475,0.0627510880179808
2.40110734802759,15.2386592968918,0.1475,0.0631062520512577
3.1727790048656,15.2406145384055,0.1475,0.0635241740150163
2.97296492304138,15.2426503058174,0.1475,0.0639596321643844
1.87731689696215,15.2436805162643,0.1475,0.0641706487088763
2.65244770813435,15.2477380603832,0.1475,0.0646519639647209
3.91104998060149,15.2593509559753,0.1475,0.0681287372486377
2.96768011356794,15.2602574604898,0.1475,0.0684314101969487
3.50948355793063,15.2762164247246,0.1475,0.0711095111395327
2.10883555486964,15.2707744287277,0.1475,0.070331128613903
2.10883555486964,15.2707416604778,0.1475,0.0703270467588871
2.10883555486964,15.270585212791,0.1475,0.0702989848673994
0.868244398879439,14.6104489121886,0.1475,-0.00138015148633155
4.34298284054581,15.1781738198576,0.1475,0.0499168853909137
4.21037933698822,15.1703822434146,0.1475,0.0479715226283279
3.24156725493193,15.2161370891155,0.1475,0.0581830753895794
1.65996668377476,15.228925054893,0.1475,0.0609330929979647
5.92437188599877,15.2307172855617,0.1475,0.0613583606708434
2.93849942644089,15.2360569957182,0.1475,0.0626219461202576
2.51512391066853,15.2372152857402,0.1475,0.0628439660341903
3.44905695183193,15.2325891787609,0.1475,0.0618654484991058
4.12206061562292,15.2400280027235,0.1475,0.0633853602378228
2.95568064357648,15.2413388338528,0.1475,0.0636739803390712
-0.187694381216193,15.2449087636091,0.1475,0.0641970915238199
3.62961411202429,15.2558166697115,0.1475,0.0669142880593399
4.08666229964053,15.2499393315118,0.1475,0.065229526241388
2.85733162848435,15.2580641230824,0.1475,0.0676451214912834
2.3637400106385,15.2726416346846,0.1475,0.0705499693138668
0.875730147587238,14.6260285329942,0.1475,-0.00084598924279316
3.05665421940488,15.1666303176154,0.1475,0.0472687853866471
3.54439658594207,15.2277633939561,0.1475,0.0607313587606555
3.4360790470585,15.2180930654641,0.1475,0.058508482235376
2.95807985446394,15.2352048403647,0.1475,0.0624445641405797
4.2999978439253,15.2335758576122,0.1475,0.0620878156006952
4.29928746223185,15.2522470315531,0.1475,0.0658821447205824
1.01482273885421,14.6416072350035,0.1475,-0.000272921500923058
3.49509465861563,15.1635069288913,0.1475,0.0467649765546138
4.2764622160112,15.2268363423558,0.1475,0.0604920794482583
2.43576371872726,15.220960750368,0.1475,0.0589393107188004
7.06583075065408,15.2342422253041,0.1475,0.0622334191327095
1.04510606457541,14.6571838601781,0.1475,0.000345226439939985
4.71198582712962,15.1617161220205,0.1475,0.0464380440754774
4.38300716602103,15.1283760497142,0.1475,0.0398334551548481
5.82377416993215,15.2245015533542,0.1475,0.0597714628867375
4.40866869882799,15.1252372527338,0.1475,0.0392489500680572
4.40866869882799,15.1237243586917,0.1475,0.0389670177872959
4.40866869882799,15.1229094882944,0.1475,0.0388069759951037
1.04905021348168,14.6727592125843,0.1475,0.000969567899692996
4.24021472468111,15.1598546735037,0.1475,0.0460912993215047
4.24021472468111,15.1582557845848,0.1475,0.0458050297790334
4.24021472468111,15.157744563436,0.1475,0.0456925848673002
4.63583246157438,15.1546999200875,0.1475,0.0450665114632856
4.59126675679277,15.143284235491,0.1475,0.0427381314477837
4.22222917193616,15.139389340936,0.1475,0.0419681947016231
4.78570147446042,15.1321935167153,0.1475,0.0405844014373744
4.39095861058361,15.1222025686736,0.1475,0.0386709385949276
1.06822696486034,14.6883344140557,0.1475,0.0015941501545597
4.26490627703393,15.1567186196858,0.1475,0.0454861385228933
4.41394025918343,15.1528242697719,0.1475,0.0446743894157831
4.41394025918343,15.1514930563001,0.1475,0.0444174765429076
4.41394025918343,15.1505636440736,0.1475,0.0442345409173604
4.41394025918343,15.1497722417795,0.1475,0.0440695179880656
5.03857651919909,15.1456294835852,0.1475,0.0432357854561529
4.3715065837467,15.135768923993,0.1475,0.0412915266920328
4.67659784312313,15.1199559448213,0.1475,0.0382271254320834
1.1928537661696,14.7038933596151,0.1475,0.00226087020181743
4.38545749966206,15.1475821867532,0.1475,0.0436309680460032
4.26787034471012,15.1160438963928,0.1475,0.0374877021260103
1.28847940775538,14.7195262721058,0.1475,0.00299641340850457
4.50684067765208,15.1003564151144,0.1475,0.0346498873396365
4.55039779022027,15.1131590147881,0.1475,0.036962797135258
5.62775654185302,15.1111876336695,0.1475,0.0365565123849264
-1.09682503376039,15.0924243428799,0.1475,0.0358118837380643
0.517915218637751,15.0917382696981,0.1475,0.035809762278536
1.29185086142739,14.7351823770797,0.1475,0.00375565330233876
-1.07678087167132,15.0929611060924,0.1475,0.0357840994539006
-25.7968573312378,15.0690766046073,0.1475,0.0296666953728993
-13.0746274521396,15.0688785109584,0.1475,0.0301114404394549
4.90904198805319,15.0739540796971,0.1475,0.030194100792145
4.29859422072343,15.0991925915497,0.1475,0.034445239144794
4.33993251822708,15.1021845723926,0.1475,0.0349650905831689
4.03205758206226,15.1083696612115,0.1475,0.0360266835784691
-1.55704931055851,15.0910579923933,0.1475,0.0358106473103338
1.30721956282309,14.7507715987535,0.1475,0.00451181599484601
-1.06284499003931,15.0937199508727,0.1475,0.035744819640155
6.25977664747951,15.0692135450252,0.1475,0.0294302153438051
-13.0999189447496,15.0686555392123,0.1475,0.0302515781483723
-24.3304169463722,15.0689972522892,0.1475,0.0298991781123289
-16.4229146199348,15.0691281964934,0.1475,0.0295155438590789
4.95509219369734,15.0705061890717,0.1475,0.0296344766213738
5.06404388052622,15.0712042613359,0.1475,0.0297462773623677
4.97588466848037,15.0728541922705,0.1475,0.030014300078849
4.91267787921099,15.074760721795,0.1475,0.0303259215434816
4.91027760319708,15.0756648499393,0.1475,0.0304736849136571
-11.8705045052465,15.0941445767209,0.1475,0.0336498037797099
-15.2789662783405,15.0941707466148,0.1475,0.0342665109785361
-15.3425252992649,15.0941547389345,0.1475,0.0351608879705392
4.43085727675865,15.098146829096,0.1475,0.0342673452611906
4.47488495093696,15.0952783436908,0.1475,0.0338009624429634
4.43272282307022,15.1047894335197,0.1475,0.0354128681621293
0.837428035987162,15.0901380726737,0.1475,0.0358068339385658
1.45799216574429,14.7663582121058,0.1475,0.005311722863311
4.94699057314875,15.0771824264695,0.1475,0.0307225411326302
32.0756545841387,15.0777723693513,0.1475,0.0314539997390851
5.68870890304209,15.0697032261429,0.1475,0.0295079438054188
4.97035686175111,15.0701763897825,0.1475,0.0295828747686017
4.99667122553008,15.0720401419658,0.1475,0.0298819515430935
-19.8291023340902,15.0941033134425,0.1475,0.0335975836434647
4.67226508809511,15.0942513150334,0.1475,0.0336217620330423
5.01824060353558,15.0947894451846,0.1475,0.0337169436396718
4.3010267602035,15.0963229080288,0.1475,0.0339665021704891
1.50695795806227,15.0883664992641,0.1475,0.0357235867478442
1.60129051946672,14.7819390033068,0.1475,0.00619498161926032
10.836243312718,15.0780259405627,0.1475,0.0333288869333756
3.84199766076752,15.0836725228998,0.1475,0.035083597104414
3.84199766076752,15.0854856351836,0.1475,0.0353652582354384
3.84199766076752,15.0868370452491,0.1475,0.0355756446880498
-1.62884163109898,15.0676899781941,0.1475,0.0319716351262497
-1.55834539247811,15.0669791046425,0.1475,0.0320167461692306
0.438317413853094,15.0630779225031,0.1475,0.0319156331425086
2.88668360599097,15.064306902465,0.1475,0.031981713338166
1.5921929835264,14.7975165769514,0.1475,0.00711788828590978
8.1960231998438,15.0816425381811,0.1475,0.0346304578462058
8.1960231998438,15.0796805217533,0.1475,0.0339538759146586
8.1960231998438,15.0786381835149,0.1475,0.0335470193179684
2.02542233178207,15.0660924976585,0.1475,0.0320329184798248
0.40998113524258,15.0632116665759,0.1475,0.0319174967007396
3.4666165384043,15.0625179745723,0.1475,0.031851746449863
1.59759902994628,14.8130941421463,0.1475,0.00804068236718448
2.75180830576934,15.0613376105347,0.1475,0.0317237139720002
2.10873676560534,15.060593514137,0.1475,0.0316506996040577
1.74874297221889,14.8286705523597,0.1475,0.00900101487324186
2.89323521887205,15.0593395950999,0.1475,0.0314862956362255
1.96005790992925,14.844244409977,0.1475,0.0100577666156422
2.85675685854498,15.057059733224,0.1475,0.0311730745735635
1.94251510449767,14.8598178845912,0.1475,0.0111746165470307
2.79610960206697,15.0538180849484,0.1475,0.0307224635685278
1.97321594353742,14.8754937250342,0.1475,0.0123203295715415
2.82551027756804,15.0493050907541,0.1475,0.0301036393511701
2.22919608142254,14.891114190455,0.1475,0.0135453554906174
2.89182197499124,15.043058327782,0.1475,0.0292672177121989
2.21660957356987,14.9065805884485,0.1475,0.014816597651966
2.95649207208932,15.0350621058273,0.1475,0.0282190954539562
2.4058814049554,14.9220314294583,0.1475,0.0161433635538653
2.95881494521279,15.0270330341903,0.1475,0.027195077185084
2.4172258294526,14.9374616504853,0.1475,0.0175399178793912
2.94189134589363,15.015381726479,0.1475,0.0257794756261045
2.56507986600031,14.9530773122325,0.1475,0.0190134297379055
2.94034677060438,14.9998428525196,0.1475,0.0239499780242052
2.66832445430658,14.9687520755139,0.1475,0.0205759815333558
2.78519004135126,14.9842973902323,0.1475,0.0222084966187334
-8.49374848517935,12.0444720269623,0.1475,0.829043123323837
-8.46081946283561,12.0444435726125,0.1475,0.831168569800803
-8.41718868739916,12.0442439433073,0.1475,0.833982703182929
-8.17543735407628,12.0434132499141,0.1475,0.840518261849965
-8.29806173594516,12.0438736532851,0.1475,0.837428956553303
-8.01311902589921,12.0430937831016,0.1475,0.842335736087118
-8.01311902589921,12.0428127254056,0.1475,0.843679096580473
-8.01311902589921,12.0423154871152,0.1475,0.845987846567601
-14.1097105138844,15.0941322063449,0.1475,0.0356068292197786
30.0797901070576,15.0776367621197,0.1475,0.0322988242498504
-21.2722283116511,15.0683264766116,0.1475,0.031578419659529
-20.7704707297333,15.0684816883727,0.1475,0.0304260189213654
30.4853175822742,15.0775803374899,0.1475,0.0328353297547603
-11.1376781317956,15.0684086946065,0.1475,0.0309567314240015
-20.2963415613738,15.0683094202207,0.1475,0.0318359555052393
